ISO-10303-21;
HEADER;
/* Generated by software containing ST-Developer
 * from STEP Tools, Inc. (www.steptools.com) 
 */
/* OPTION: using custom schema-name function */

FILE_DESCRIPTION(
/* description */ (''),
/* implementation_level */ '2;1');

FILE_NAME(
/* name */ '\X2\5C0F6B6A673A\X0\~2',
/* time_stamp */ '2026-08-18T11:36:37+08:00',
/* author */ (''),
/* organization */ (''),
/* preprocessor_version */ 'ST-DEVELOPER v16.5',
/* originating_system */ '',
/* authorisation */ '');

FILE_SCHEMA (('CONFIG_CONTROL_DESIGN'));
ENDSEC;

DATA;
#10=SHAPE_REPRESENTATION_RELATIONSHIP('','',#1050,#12);
#11=MANIFOLD_SOLID_BREP('brep_1',#13);
#12=ADVANCED_BREP_SHAPE_REPRESENTATION('brep_rep_0',(#11,#1106),#1049);
#13=CLOSED_SHELL('',(#14,#15,#16,#17,#18,#19,#20,#21,#22,#23,#24,#25,#26,
#27,#28,#29,#30,#31,#32,#33,#34,#35,#36,#37,#38,#39,#40,#41,#42,#43,#44,
#45,#46,#47,#48,#49,#50,#51,#52,#53,#54,#55,#56,#57,#58,#59,#60,#61,#62,
#63,#64,#65,#66,#67,#68,#69));
#14=ADVANCED_FACE('',(#70),#924,.T.);
#15=ADVANCED_FACE('',(#71),#925,.T.);
#16=ADVANCED_FACE('',(#72),#926,.T.);
#17=ADVANCED_FACE('',(#73),#927,.T.);
#18=ADVANCED_FACE('',(#74),#910,.T.);
#19=ADVANCED_FACE('',(#75),#928,.T.);
#20=ADVANCED_FACE('',(#76),#929,.T.);
#21=ADVANCED_FACE('',(#77),#930,.T.);
#22=ADVANCED_FACE('',(#78),#931,.T.);
#23=ADVANCED_FACE('',(#79),#911,.T.);
#24=ADVANCED_FACE('',(#80),#932,.T.);
#25=ADVANCED_FACE('',(#81),#912,.T.);
#26=ADVANCED_FACE('',(#82),#933,.T.);
#27=ADVANCED_FACE('',(#83),#913,.T.);
#28=ADVANCED_FACE('',(#84),#934,.T.);
#29=ADVANCED_FACE('',(#85),#935,.T.);
#30=ADVANCED_FACE('',(#86),#914,.T.);
#31=ADVANCED_FACE('',(#87),#936,.T.);
#32=ADVANCED_FACE('',(#88),#915,.T.);
#33=ADVANCED_FACE('',(#89),#937,.T.);
#34=ADVANCED_FACE('',(#90),#916,.T.);
#35=ADVANCED_FACE('',(#91),#938,.T.);
#36=ADVANCED_FACE('',(#92),#939,.T.);
#37=ADVANCED_FACE('',(#93),#940,.T.);
#38=ADVANCED_FACE('',(#94),#941,.T.);
#39=ADVANCED_FACE('',(#95),#917,.T.);
#40=ADVANCED_FACE('',(#96),#942,.T.);
#41=ADVANCED_FACE('',(#97),#943,.T.);
#42=ADVANCED_FACE('',(#98),#944,.T.);
#43=ADVANCED_FACE('',(#99),#945,.T.);
#44=ADVANCED_FACE('',(#100),#946,.T.);
#45=ADVANCED_FACE('',(#101),#947,.T.);
#46=ADVANCED_FACE('',(#102),#948,.T.);
#47=ADVANCED_FACE('',(#103),#949,.T.);
#48=ADVANCED_FACE('',(#104),#950,.T.);
#49=ADVANCED_FACE('',(#105),#951,.T.);
#50=ADVANCED_FACE('',(#106),#952,.T.);
#51=ADVANCED_FACE('',(#107),#953,.T.);
#52=ADVANCED_FACE('',(#108),#954,.T.);
#53=ADVANCED_FACE('',(#109),#955,.T.);
#54=ADVANCED_FACE('',(#110),#956,.T.);
#55=ADVANCED_FACE('',(#111),#957,.T.);
#56=ADVANCED_FACE('',(#112),#958,.T.);
#57=ADVANCED_FACE('',(#113),#959,.T.);
#58=ADVANCED_FACE('',(#114),#918,.T.);
#59=ADVANCED_FACE('',(#115),#960,.T.);
#60=ADVANCED_FACE('',(#116),#919,.T.);
#61=ADVANCED_FACE('',(#117),#920,.T.);
#62=ADVANCED_FACE('',(#118),#921,.T.);
#63=ADVANCED_FACE('',(#119),#922,.T.);
#64=ADVANCED_FACE('',(#120),#923,.T.);
#65=ADVANCED_FACE('',(#121),#961,.T.);
#66=ADVANCED_FACE('',(#122),#962,.T.);
#67=ADVANCED_FACE('',(#123),#963,.T.);
#68=ADVANCED_FACE('',(#124),#908,.T.);
#69=ADVANCED_FACE('',(#125),#909,.T.);
#70=FACE_OUTER_BOUND('',#126,.T.);
#71=FACE_OUTER_BOUND('',#127,.T.);
#72=FACE_OUTER_BOUND('',#128,.T.);
#73=FACE_OUTER_BOUND('',#129,.T.);
#74=FACE_OUTER_BOUND('',#130,.T.);
#75=FACE_OUTER_BOUND('',#131,.T.);
#76=FACE_OUTER_BOUND('',#132,.T.);
#77=FACE_OUTER_BOUND('',#133,.T.);
#78=FACE_OUTER_BOUND('',#134,.T.);
#79=FACE_OUTER_BOUND('',#135,.T.);
#80=FACE_OUTER_BOUND('',#136,.T.);
#81=FACE_OUTER_BOUND('',#137,.T.);
#82=FACE_OUTER_BOUND('',#138,.T.);
#83=FACE_OUTER_BOUND('',#139,.T.);
#84=FACE_OUTER_BOUND('',#140,.T.);
#85=FACE_OUTER_BOUND('',#141,.T.);
#86=FACE_OUTER_BOUND('',#142,.T.);
#87=FACE_OUTER_BOUND('',#143,.T.);
#88=FACE_OUTER_BOUND('',#144,.T.);
#89=FACE_OUTER_BOUND('',#145,.T.);
#90=FACE_OUTER_BOUND('',#146,.T.);
#91=FACE_OUTER_BOUND('',#147,.T.);
#92=FACE_OUTER_BOUND('',#148,.T.);
#93=FACE_OUTER_BOUND('',#149,.T.);
#94=FACE_OUTER_BOUND('',#150,.T.);
#95=FACE_OUTER_BOUND('',#151,.T.);
#96=FACE_OUTER_BOUND('',#152,.T.);
#97=FACE_OUTER_BOUND('',#153,.T.);
#98=FACE_OUTER_BOUND('',#154,.T.);
#99=FACE_OUTER_BOUND('',#155,.T.);
#100=FACE_OUTER_BOUND('',#156,.T.);
#101=FACE_OUTER_BOUND('',#157,.T.);
#102=FACE_OUTER_BOUND('',#158,.T.);
#103=FACE_OUTER_BOUND('',#159,.T.);
#104=FACE_OUTER_BOUND('',#160,.T.);
#105=FACE_OUTER_BOUND('',#161,.T.);
#106=FACE_OUTER_BOUND('',#162,.T.);
#107=FACE_OUTER_BOUND('',#163,.T.);
#108=FACE_OUTER_BOUND('',#164,.T.);
#109=FACE_OUTER_BOUND('',#165,.T.);
#110=FACE_OUTER_BOUND('',#166,.T.);
#111=FACE_OUTER_BOUND('',#167,.T.);
#112=FACE_OUTER_BOUND('',#168,.T.);
#113=FACE_OUTER_BOUND('',#169,.T.);
#114=FACE_OUTER_BOUND('',#170,.T.);
#115=FACE_OUTER_BOUND('',#171,.T.);
#116=FACE_OUTER_BOUND('',#172,.T.);
#117=FACE_OUTER_BOUND('',#173,.T.);
#118=FACE_OUTER_BOUND('',#174,.T.);
#119=FACE_OUTER_BOUND('',#175,.T.);
#120=FACE_OUTER_BOUND('',#176,.T.);
#121=FACE_OUTER_BOUND('',#177,.T.);
#122=FACE_OUTER_BOUND('',#178,.T.);
#123=FACE_OUTER_BOUND('',#179,.T.);
#124=FACE_OUTER_BOUND('',#180,.T.);
#125=FACE_OUTER_BOUND('',#181,.T.);
#126=EDGE_LOOP('',(#182,#183,#184,#185,#186,#187,#188,#189,#190,#191,#192,
#193,#194,#195));
#127=EDGE_LOOP('',(#196,#197,#198,#199));
#128=EDGE_LOOP('',(#200,#201,#202,#203,#204,#205,#206,#207,#208,#209,#210,
#211,#212,#213,#214,#215,#216));
#129=EDGE_LOOP('',(#217,#218,#219,#220,#221,#222,#223,#224,#225,#226,#227,
#228,#229,#230,#231,#232,#233,#234,#235,#236,#237,#238,#239,#240,#241,#242,
#243,#244));
#130=EDGE_LOOP('',(#245,#246,#247,#248));
#131=EDGE_LOOP('',(#249,#250,#251,#252));
#132=EDGE_LOOP('',(#253,#254,#255,#256));
#133=EDGE_LOOP('',(#257,#258,#259,#260));
#134=EDGE_LOOP('',(#261,#262,#263,#264));
#135=EDGE_LOOP('',(#265,#266,#267,#268));
#136=EDGE_LOOP('',(#269,#270,#271,#272));
#137=EDGE_LOOP('',(#273,#274,#275,#276));
#138=EDGE_LOOP('',(#277,#278,#279,#280));
#139=EDGE_LOOP('',(#281,#282,#283,#284,#285,#286));
#140=EDGE_LOOP('',(#287,#288,#289,#290,#291));
#141=EDGE_LOOP('',(#292,#293,#294,#295));
#142=EDGE_LOOP('',(#296,#297,#298,#299,#300,#301));
#143=EDGE_LOOP('',(#302,#303,#304,#305));
#144=EDGE_LOOP('',(#306,#307,#308,#309));
#145=EDGE_LOOP('',(#310,#311,#312,#313));
#146=EDGE_LOOP('',(#314,#315,#316,#317));
#147=EDGE_LOOP('',(#318,#319,#320,#321));
#148=EDGE_LOOP('',(#322,#323,#324,#325));
#149=EDGE_LOOP('',(#326,#327,#328,#329));
#150=EDGE_LOOP('',(#330,#331,#332,#333));
#151=EDGE_LOOP('',(#334,#335,#336,#337));
#152=EDGE_LOOP('',(#338,#339,#340,#341));
#153=EDGE_LOOP('',(#342,#343,#344,#345));
#154=EDGE_LOOP('',(#346,#347,#348,#349,#350,#351));
#155=EDGE_LOOP('',(#352,#353,#354,#355));
#156=EDGE_LOOP('',(#356,#357,#358,#359,#360,#361,#362,#363,#364,#365,#366,
#367,#368,#369));
#157=EDGE_LOOP('',(#370,#371,#372,#373,#374,#375));
#158=EDGE_LOOP('',(#376,#377,#378,#379));
#159=EDGE_LOOP('',(#380,#381,#382,#383));
#160=EDGE_LOOP('',(#384,#385,#386,#387));
#161=EDGE_LOOP('',(#388,#389,#390,#391));
#162=EDGE_LOOP('',(#392,#393,#394,#395,#396));
#163=EDGE_LOOP('',(#397,#398,#399,#400));
#164=EDGE_LOOP('',(#401,#402,#403,#404));
#165=EDGE_LOOP('',(#405,#406,#407,#408));
#166=EDGE_LOOP('',(#409,#410,#411,#412));
#167=EDGE_LOOP('',(#413,#414,#415,#416));
#168=EDGE_LOOP('',(#417,#418,#419,#420,#421,#422,#423,#424,#425,#426,#427,
#428,#429,#430,#431));
#169=EDGE_LOOP('',(#432,#433,#434,#435));
#170=EDGE_LOOP('',(#436,#437,#438,#439));
#171=EDGE_LOOP('',(#440,#441,#442,#443));
#172=EDGE_LOOP('',(#444,#445,#446,#447));
#173=EDGE_LOOP('',(#448,#449,#450,#451));
#174=EDGE_LOOP('',(#452,#453,#454,#455));
#175=EDGE_LOOP('',(#456,#457,#458,#459));
#176=EDGE_LOOP('',(#460,#461,#462,#463));
#177=EDGE_LOOP('',(#464,#465,#466,#467));
#178=EDGE_LOOP('',(#468,#469,#470,#471));
#179=EDGE_LOOP('',(#472,#473,#474,#475,#476,#477,#478,#479,#480,#481,#482,
#483,#484,#485));
#180=EDGE_LOOP('',(#486,#487,#488,#489));
#181=EDGE_LOOP('',(#490,#491,#492,#493));
#182=ORIENTED_EDGE('',*,*,#494,.T.);
#183=ORIENTED_EDGE('',*,*,#604,.T.);
#184=ORIENTED_EDGE('',*,*,#495,.T.);
#185=ORIENTED_EDGE('',*,*,#609,.T.);
#186=ORIENTED_EDGE('',*,*,#496,.T.);
#187=ORIENTED_EDGE('',*,*,#497,.T.);
#188=ORIENTED_EDGE('',*,*,#498,.T.);
#189=ORIENTED_EDGE('',*,*,#499,.T.);
#190=ORIENTED_EDGE('',*,*,#500,.T.);
#191=ORIENTED_EDGE('',*,*,#619,.T.);
#192=ORIENTED_EDGE('',*,*,#501,.T.);
#193=ORIENTED_EDGE('',*,*,#613,.T.);
#194=ORIENTED_EDGE('',*,*,#502,.T.);
#195=ORIENTED_EDGE('',*,*,#503,.T.);
#196=ORIENTED_EDGE('',*,*,#504,.T.);
#197=ORIENTED_EDGE('',*,*,#505,.T.);
#198=ORIENTED_EDGE('',*,*,#506,.F.);
#199=ORIENTED_EDGE('',*,*,#507,.F.);
#200=ORIENTED_EDGE('',*,*,#648,.T.);
#201=ORIENTED_EDGE('',*,*,#508,.F.);
#202=ORIENTED_EDGE('',*,*,#507,.T.);
#203=ORIENTED_EDGE('',*,*,#509,.F.);
#204=ORIENTED_EDGE('',*,*,#649,.T.);
#205=ORIENTED_EDGE('',*,*,#644,.T.);
#206=ORIENTED_EDGE('',*,*,#519,.T.);
#207=ORIENTED_EDGE('',*,*,#515,.T.);
#208=ORIENTED_EDGE('',*,*,#511,.T.);
#209=ORIENTED_EDGE('',*,*,#517,.T.);
#210=ORIENTED_EDGE('',*,*,#513,.T.);
#211=ORIENTED_EDGE('',*,*,#510,.T.);
#212=ORIENTED_EDGE('',*,*,#518,.T.);
#213=ORIENTED_EDGE('',*,*,#514,.T.);
#214=ORIENTED_EDGE('',*,*,#516,.T.);
#215=ORIENTED_EDGE('',*,*,#512,.T.);
#216=ORIENTED_EDGE('',*,*,#642,.T.);
#217=ORIENTED_EDGE('',*,*,#597,.F.);
#218=ORIENTED_EDGE('',*,*,#524,.F.);
#219=ORIENTED_EDGE('',*,*,#523,.F.);
#220=ORIENTED_EDGE('',*,*,#522,.F.);
#221=ORIENTED_EDGE('',*,*,#594,.F.);
#222=ORIENTED_EDGE('',*,*,#591,.F.);
#223=ORIENTED_EDGE('',*,*,#588,.F.);
#224=ORIENTED_EDGE('',*,*,#585,.F.);
#225=ORIENTED_EDGE('',*,*,#582,.F.);
#226=ORIENTED_EDGE('',*,*,#579,.F.);
#227=ORIENTED_EDGE('',*,*,#576,.F.);
#228=ORIENTED_EDGE('',*,*,#573,.F.);
#229=ORIENTED_EDGE('',*,*,#570,.F.);
#230=ORIENTED_EDGE('',*,*,#567,.F.);
#231=ORIENTED_EDGE('',*,*,#562,.F.);
#232=ORIENTED_EDGE('',*,*,#521,.F.);
#233=ORIENTED_EDGE('',*,*,#503,.F.);
#234=ORIENTED_EDGE('',*,*,#520,.F.);
#235=ORIENTED_EDGE('',*,*,#553,.F.);
#236=ORIENTED_EDGE('',*,*,#550,.F.);
#237=ORIENTED_EDGE('',*,*,#547,.F.);
#238=ORIENTED_EDGE('',*,*,#544,.F.);
#239=ORIENTED_EDGE('',*,*,#541,.F.);
#240=ORIENTED_EDGE('',*,*,#538,.F.);
#241=ORIENTED_EDGE('',*,*,#535,.F.);
#242=ORIENTED_EDGE('',*,*,#532,.F.);
#243=ORIENTED_EDGE('',*,*,#529,.F.);
#244=ORIENTED_EDGE('',*,*,#525,.F.);
#245=ORIENTED_EDGE('',*,*,#528,.F.);
#246=ORIENTED_EDGE('',*,*,#527,.F.);
#247=ORIENTED_EDGE('',*,*,#526,.F.);
#248=ORIENTED_EDGE('',*,*,#525,.T.);
#249=ORIENTED_EDGE('',*,*,#531,.F.);
#250=ORIENTED_EDGE('',*,*,#530,.F.);
#251=ORIENTED_EDGE('',*,*,#528,.T.);
#252=ORIENTED_EDGE('',*,*,#529,.T.);
#253=ORIENTED_EDGE('',*,*,#534,.F.);
#254=ORIENTED_EDGE('',*,*,#533,.F.);
#255=ORIENTED_EDGE('',*,*,#531,.T.);
#256=ORIENTED_EDGE('',*,*,#532,.T.);
#257=ORIENTED_EDGE('',*,*,#537,.F.);
#258=ORIENTED_EDGE('',*,*,#536,.F.);
#259=ORIENTED_EDGE('',*,*,#534,.T.);
#260=ORIENTED_EDGE('',*,*,#535,.T.);
#261=ORIENTED_EDGE('',*,*,#540,.F.);
#262=ORIENTED_EDGE('',*,*,#539,.F.);
#263=ORIENTED_EDGE('',*,*,#537,.T.);
#264=ORIENTED_EDGE('',*,*,#538,.T.);
#265=ORIENTED_EDGE('',*,*,#543,.F.);
#266=ORIENTED_EDGE('',*,*,#542,.F.);
#267=ORIENTED_EDGE('',*,*,#540,.T.);
#268=ORIENTED_EDGE('',*,*,#541,.T.);
#269=ORIENTED_EDGE('',*,*,#546,.F.);
#270=ORIENTED_EDGE('',*,*,#545,.F.);
#271=ORIENTED_EDGE('',*,*,#543,.T.);
#272=ORIENTED_EDGE('',*,*,#544,.T.);
#273=ORIENTED_EDGE('',*,*,#549,.F.);
#274=ORIENTED_EDGE('',*,*,#548,.F.);
#275=ORIENTED_EDGE('',*,*,#546,.T.);
#276=ORIENTED_EDGE('',*,*,#547,.T.);
#277=ORIENTED_EDGE('',*,*,#552,.F.);
#278=ORIENTED_EDGE('',*,*,#551,.F.);
#279=ORIENTED_EDGE('',*,*,#549,.T.);
#280=ORIENTED_EDGE('',*,*,#550,.T.);
#281=ORIENTED_EDGE('',*,*,#556,.F.);
#282=ORIENTED_EDGE('',*,*,#557,.F.);
#283=ORIENTED_EDGE('',*,*,#555,.F.);
#284=ORIENTED_EDGE('',*,*,#554,.F.);
#285=ORIENTED_EDGE('',*,*,#552,.T.);
#286=ORIENTED_EDGE('',*,*,#553,.T.);
#287=ORIENTED_EDGE('',*,*,#500,.F.);
#288=ORIENTED_EDGE('',*,*,#645,.F.);
#289=ORIENTED_EDGE('',*,*,#558,.F.);
#290=ORIENTED_EDGE('',*,*,#555,.T.);
#291=ORIENTED_EDGE('',*,*,#559,.F.);
#292=ORIENTED_EDGE('',*,*,#494,.F.);
#293=ORIENTED_EDGE('',*,*,#521,.T.);
#294=ORIENTED_EDGE('',*,*,#561,.F.);
#295=ORIENTED_EDGE('',*,*,#560,.F.);
#296=ORIENTED_EDGE('',*,*,#565,.F.);
#297=ORIENTED_EDGE('',*,*,#564,.F.);
#298=ORIENTED_EDGE('',*,*,#563,.T.);
#299=ORIENTED_EDGE('',*,*,#566,.T.);
#300=ORIENTED_EDGE('',*,*,#561,.T.);
#301=ORIENTED_EDGE('',*,*,#562,.T.);
#302=ORIENTED_EDGE('',*,*,#569,.F.);
#303=ORIENTED_EDGE('',*,*,#568,.F.);
#304=ORIENTED_EDGE('',*,*,#565,.T.);
#305=ORIENTED_EDGE('',*,*,#567,.T.);
#306=ORIENTED_EDGE('',*,*,#572,.F.);
#307=ORIENTED_EDGE('',*,*,#571,.F.);
#308=ORIENTED_EDGE('',*,*,#569,.T.);
#309=ORIENTED_EDGE('',*,*,#570,.T.);
#310=ORIENTED_EDGE('',*,*,#575,.F.);
#311=ORIENTED_EDGE('',*,*,#574,.F.);
#312=ORIENTED_EDGE('',*,*,#572,.T.);
#313=ORIENTED_EDGE('',*,*,#573,.T.);
#314=ORIENTED_EDGE('',*,*,#578,.F.);
#315=ORIENTED_EDGE('',*,*,#577,.F.);
#316=ORIENTED_EDGE('',*,*,#575,.T.);
#317=ORIENTED_EDGE('',*,*,#576,.T.);
#318=ORIENTED_EDGE('',*,*,#581,.F.);
#319=ORIENTED_EDGE('',*,*,#580,.F.);
#320=ORIENTED_EDGE('',*,*,#578,.T.);
#321=ORIENTED_EDGE('',*,*,#579,.T.);
#322=ORIENTED_EDGE('',*,*,#584,.F.);
#323=ORIENTED_EDGE('',*,*,#583,.F.);
#324=ORIENTED_EDGE('',*,*,#581,.T.);
#325=ORIENTED_EDGE('',*,*,#582,.T.);
#326=ORIENTED_EDGE('',*,*,#587,.F.);
#327=ORIENTED_EDGE('',*,*,#586,.F.);
#328=ORIENTED_EDGE('',*,*,#584,.T.);
#329=ORIENTED_EDGE('',*,*,#585,.T.);
#330=ORIENTED_EDGE('',*,*,#590,.F.);
#331=ORIENTED_EDGE('',*,*,#589,.F.);
#332=ORIENTED_EDGE('',*,*,#587,.T.);
#333=ORIENTED_EDGE('',*,*,#588,.T.);
#334=ORIENTED_EDGE('',*,*,#593,.F.);
#335=ORIENTED_EDGE('',*,*,#592,.F.);
#336=ORIENTED_EDGE('',*,*,#590,.T.);
#337=ORIENTED_EDGE('',*,*,#591,.T.);
#338=ORIENTED_EDGE('',*,*,#596,.F.);
#339=ORIENTED_EDGE('',*,*,#595,.F.);
#340=ORIENTED_EDGE('',*,*,#593,.T.);
#341=ORIENTED_EDGE('',*,*,#594,.T.);
#342=ORIENTED_EDGE('',*,*,#526,.T.);
#343=ORIENTED_EDGE('',*,*,#599,.F.);
#344=ORIENTED_EDGE('',*,*,#598,.T.);
#345=ORIENTED_EDGE('',*,*,#597,.T.);
#346=ORIENTED_EDGE('',*,*,#508,.T.);
#347=ORIENTED_EDGE('',*,*,#600,.F.);
#348=ORIENTED_EDGE('',*,*,#596,.T.);
#349=ORIENTED_EDGE('',*,*,#522,.T.);
#350=ORIENTED_EDGE('',*,*,#601,.F.);
#351=ORIENTED_EDGE('',*,*,#504,.F.);
#352=ORIENTED_EDGE('',*,*,#601,.T.);
#353=ORIENTED_EDGE('',*,*,#523,.T.);
#354=ORIENTED_EDGE('',*,*,#602,.F.);
#355=ORIENTED_EDGE('',*,*,#505,.F.);
#356=ORIENTED_EDGE('',*,*,#649,.F.);
#357=ORIENTED_EDGE('',*,*,#603,.T.);
#358=ORIENTED_EDGE('',*,*,#599,.T.);
#359=ORIENTED_EDGE('',*,*,#527,.T.);
#360=ORIENTED_EDGE('',*,*,#530,.T.);
#361=ORIENTED_EDGE('',*,*,#533,.T.);
#362=ORIENTED_EDGE('',*,*,#536,.T.);
#363=ORIENTED_EDGE('',*,*,#539,.T.);
#364=ORIENTED_EDGE('',*,*,#542,.T.);
#365=ORIENTED_EDGE('',*,*,#545,.T.);
#366=ORIENTED_EDGE('',*,*,#548,.T.);
#367=ORIENTED_EDGE('',*,*,#551,.T.);
#368=ORIENTED_EDGE('',*,*,#554,.T.);
#369=ORIENTED_EDGE('',*,*,#558,.T.);
#370=ORIENTED_EDGE('',*,*,#506,.T.);
#371=ORIENTED_EDGE('',*,*,#602,.T.);
#372=ORIENTED_EDGE('',*,*,#524,.T.);
#373=ORIENTED_EDGE('',*,*,#598,.F.);
#374=ORIENTED_EDGE('',*,*,#603,.F.);
#375=ORIENTED_EDGE('',*,*,#509,.T.);
#376=ORIENTED_EDGE('',*,*,#605,.F.);
#377=ORIENTED_EDGE('',*,*,#604,.F.);
#378=ORIENTED_EDGE('',*,*,#560,.T.);
#379=ORIENTED_EDGE('',*,*,#606,.F.);
#380=ORIENTED_EDGE('',*,*,#607,.F.);
#381=ORIENTED_EDGE('',*,*,#495,.F.);
#382=ORIENTED_EDGE('',*,*,#605,.T.);
#383=ORIENTED_EDGE('',*,*,#608,.F.);
#384=ORIENTED_EDGE('',*,*,#611,.F.);
#385=ORIENTED_EDGE('',*,*,#609,.F.);
#386=ORIENTED_EDGE('',*,*,#607,.T.);
#387=ORIENTED_EDGE('',*,*,#610,.F.);
#388=ORIENTED_EDGE('',*,*,#606,.T.);
#389=ORIENTED_EDGE('',*,*,#566,.F.);
#390=ORIENTED_EDGE('',*,*,#610,.T.);
#391=ORIENTED_EDGE('',*,*,#608,.T.);
#392=ORIENTED_EDGE('',*,*,#611,.T.);
#393=ORIENTED_EDGE('',*,*,#563,.F.);
#394=ORIENTED_EDGE('',*,*,#612,.F.);
#395=ORIENTED_EDGE('',*,*,#641,.F.);
#396=ORIENTED_EDGE('',*,*,#496,.F.);
#397=ORIENTED_EDGE('',*,*,#615,.T.);
#398=ORIENTED_EDGE('',*,*,#616,.F.);
#399=ORIENTED_EDGE('',*,*,#613,.F.);
#400=ORIENTED_EDGE('',*,*,#614,.T.);
#401=ORIENTED_EDGE('',*,*,#618,.T.);
#402=ORIENTED_EDGE('',*,*,#614,.F.);
#403=ORIENTED_EDGE('',*,*,#501,.F.);
#404=ORIENTED_EDGE('',*,*,#617,.T.);
#405=ORIENTED_EDGE('',*,*,#620,.T.);
#406=ORIENTED_EDGE('',*,*,#617,.F.);
#407=ORIENTED_EDGE('',*,*,#619,.F.);
#408=ORIENTED_EDGE('',*,*,#559,.T.);
#409=ORIENTED_EDGE('',*,*,#618,.F.);
#410=ORIENTED_EDGE('',*,*,#620,.F.);
#411=ORIENTED_EDGE('',*,*,#557,.T.);
#412=ORIENTED_EDGE('',*,*,#615,.F.);
#413=ORIENTED_EDGE('',*,*,#616,.T.);
#414=ORIENTED_EDGE('',*,*,#556,.T.);
#415=ORIENTED_EDGE('',*,*,#520,.T.);
#416=ORIENTED_EDGE('',*,*,#502,.F.);
#417=ORIENTED_EDGE('',*,*,#640,.F.);
#418=ORIENTED_EDGE('',*,*,#623,.F.);
#419=ORIENTED_EDGE('',*,*,#627,.F.);
#420=ORIENTED_EDGE('',*,*,#624,.F.);
#421=ORIENTED_EDGE('',*,*,#629,.F.);
#422=ORIENTED_EDGE('',*,*,#625,.T.);
#423=ORIENTED_EDGE('',*,*,#621,.T.);
#424=ORIENTED_EDGE('',*,*,#628,.F.);
#425=ORIENTED_EDGE('',*,*,#622,.F.);
#426=ORIENTED_EDGE('',*,*,#626,.F.);
#427=ORIENTED_EDGE('',*,*,#630,.F.);
#428=ORIENTED_EDGE('',*,*,#646,.F.);
#429=ORIENTED_EDGE('',*,*,#499,.F.);
#430=ORIENTED_EDGE('',*,*,#498,.F.);
#431=ORIENTED_EDGE('',*,*,#497,.F.);
#432=ORIENTED_EDGE('',*,*,#514,.F.);
#433=ORIENTED_EDGE('',*,*,#632,.F.);
#434=ORIENTED_EDGE('',*,*,#624,.T.);
#435=ORIENTED_EDGE('',*,*,#631,.F.);
#436=ORIENTED_EDGE('',*,*,#634,.T.);
#437=ORIENTED_EDGE('',*,*,#621,.F.);
#438=ORIENTED_EDGE('',*,*,#633,.T.);
#439=ORIENTED_EDGE('',*,*,#513,.F.);
#440=ORIENTED_EDGE('',*,*,#511,.F.);
#441=ORIENTED_EDGE('',*,*,#635,.T.);
#442=ORIENTED_EDGE('',*,*,#622,.T.);
#443=ORIENTED_EDGE('',*,*,#636,.F.);
#444=ORIENTED_EDGE('',*,*,#637,.T.);
#445=ORIENTED_EDGE('',*,*,#510,.F.);
#446=ORIENTED_EDGE('',*,*,#633,.F.);
#447=ORIENTED_EDGE('',*,*,#625,.F.);
#448=ORIENTED_EDGE('',*,*,#638,.T.);
#449=ORIENTED_EDGE('',*,*,#626,.T.);
#450=ORIENTED_EDGE('',*,*,#635,.F.);
#451=ORIENTED_EDGE('',*,*,#515,.F.);
#452=ORIENTED_EDGE('',*,*,#631,.T.);
#453=ORIENTED_EDGE('',*,*,#627,.T.);
#454=ORIENTED_EDGE('',*,*,#639,.F.);
#455=ORIENTED_EDGE('',*,*,#516,.F.);
#456=ORIENTED_EDGE('',*,*,#517,.F.);
#457=ORIENTED_EDGE('',*,*,#636,.T.);
#458=ORIENTED_EDGE('',*,*,#628,.T.);
#459=ORIENTED_EDGE('',*,*,#634,.F.);
#460=ORIENTED_EDGE('',*,*,#629,.T.);
#461=ORIENTED_EDGE('',*,*,#632,.T.);
#462=ORIENTED_EDGE('',*,*,#518,.F.);
#463=ORIENTED_EDGE('',*,*,#637,.F.);
#464=ORIENTED_EDGE('',*,*,#630,.T.);
#465=ORIENTED_EDGE('',*,*,#638,.F.);
#466=ORIENTED_EDGE('',*,*,#519,.F.);
#467=ORIENTED_EDGE('',*,*,#647,.F.);
#468=ORIENTED_EDGE('',*,*,#512,.F.);
#469=ORIENTED_EDGE('',*,*,#639,.T.);
#470=ORIENTED_EDGE('',*,*,#623,.T.);
#471=ORIENTED_EDGE('',*,*,#643,.F.);
#472=ORIENTED_EDGE('',*,*,#612,.T.);
#473=ORIENTED_EDGE('',*,*,#564,.T.);
#474=ORIENTED_EDGE('',*,*,#568,.T.);
#475=ORIENTED_EDGE('',*,*,#571,.T.);
#476=ORIENTED_EDGE('',*,*,#574,.T.);
#477=ORIENTED_EDGE('',*,*,#577,.T.);
#478=ORIENTED_EDGE('',*,*,#580,.T.);
#479=ORIENTED_EDGE('',*,*,#583,.T.);
#480=ORIENTED_EDGE('',*,*,#586,.T.);
#481=ORIENTED_EDGE('',*,*,#589,.T.);
#482=ORIENTED_EDGE('',*,*,#592,.T.);
#483=ORIENTED_EDGE('',*,*,#595,.T.);
#484=ORIENTED_EDGE('',*,*,#600,.T.);
#485=ORIENTED_EDGE('',*,*,#648,.F.);
#486=ORIENTED_EDGE('',*,*,#640,.T.);
#487=ORIENTED_EDGE('',*,*,#641,.T.);
#488=ORIENTED_EDGE('',*,*,#642,.F.);
#489=ORIENTED_EDGE('',*,*,#643,.T.);
#490=ORIENTED_EDGE('',*,*,#644,.F.);
#491=ORIENTED_EDGE('',*,*,#645,.T.);
#492=ORIENTED_EDGE('',*,*,#646,.T.);
#493=ORIENTED_EDGE('',*,*,#647,.T.);
#494=EDGE_CURVE('',#806,#807,#720,.T.);
#495=EDGE_CURVE('',#808,#809,#721,.T.);
#496=EDGE_CURVE('',#810,#811,#722,.T.);
#497=EDGE_CURVE('',#811,#812,#723,.T.);
#498=EDGE_CURVE('',#812,#813,#724,.T.);
#499=EDGE_CURVE('',#813,#814,#725,.T.);
#500=EDGE_CURVE('',#814,#815,#726,.T.);
#501=EDGE_CURVE('',#816,#817,#727,.T.);
#502=EDGE_CURVE('',#818,#819,#728,.T.);
#503=EDGE_CURVE('',#819,#806,#650,.T.);
#504=EDGE_CURVE('',#820,#821,#729,.T.);
#505=EDGE_CURVE('',#821,#822,#730,.T.);
#506=EDGE_CURVE('',#823,#822,#731,.T.);
#507=EDGE_CURVE('',#820,#823,#732,.T.);
#508=EDGE_CURVE('',#820,#824,#733,.T.);
#509=EDGE_CURVE('',#825,#823,#734,.T.);
#510=EDGE_CURVE('',#826,#832,#735,.T.);
#511=EDGE_CURVE('',#828,#827,#736,.T.);
#512=EDGE_CURVE('',#829,#837,#737,.T.);
#513=EDGE_CURVE('',#831,#826,#738,.T.);
#514=EDGE_CURVE('',#834,#833,#739,.T.);
#515=EDGE_CURVE('',#830,#828,#651,.T.);
#516=EDGE_CURVE('',#833,#829,#652,.T.);
#517=EDGE_CURVE('',#827,#831,#653,.T.);
#518=EDGE_CURVE('',#832,#834,#654,.T.);
#519=EDGE_CURVE('',#835,#830,#740,.T.);
#520=EDGE_CURVE('',#849,#819,#655,.T.);
#521=EDGE_CURVE('',#806,#850,#656,.T.);
#522=EDGE_CURVE('',#861,#862,#657,.T.);
#523=EDGE_CURVE('',#862,#863,#658,.T.);
#524=EDGE_CURVE('',#863,#864,#659,.T.);
#525=EDGE_CURVE('',#839,#840,#660,.T.);
#526=EDGE_CURVE('',#839,#865,#741,.T.);
#527=EDGE_CURVE('',#865,#866,#661,.T.);
#528=EDGE_CURVE('',#866,#840,#742,.T.);
#529=EDGE_CURVE('',#840,#841,#662,.T.);
#530=EDGE_CURVE('',#866,#867,#663,.T.);
#531=EDGE_CURVE('',#867,#841,#743,.T.);
#532=EDGE_CURVE('',#841,#842,#664,.T.);
#533=EDGE_CURVE('',#867,#868,#665,.T.);
#534=EDGE_CURVE('',#868,#842,#744,.T.);
#535=EDGE_CURVE('',#842,#843,#666,.T.);
#536=EDGE_CURVE('',#868,#869,#667,.T.);
#537=EDGE_CURVE('',#869,#843,#745,.T.);
#538=EDGE_CURVE('',#843,#844,#668,.T.);
#539=EDGE_CURVE('',#869,#870,#669,.T.);
#540=EDGE_CURVE('',#870,#844,#746,.T.);
#541=EDGE_CURVE('',#844,#845,#670,.T.);
#542=EDGE_CURVE('',#870,#871,#671,.T.);
#543=EDGE_CURVE('',#871,#845,#747,.T.);
#544=EDGE_CURVE('',#845,#846,#672,.T.);
#545=EDGE_CURVE('',#871,#872,#673,.T.);
#546=EDGE_CURVE('',#872,#846,#748,.T.);
#547=EDGE_CURVE('',#846,#847,#674,.T.);
#548=EDGE_CURVE('',#872,#873,#675,.T.);
#549=EDGE_CURVE('',#873,#847,#749,.T.);
#550=EDGE_CURVE('',#847,#848,#676,.T.);
#551=EDGE_CURVE('',#873,#874,#677,.T.);
#552=EDGE_CURVE('',#874,#848,#750,.T.);
#553=EDGE_CURVE('',#848,#849,#678,.T.);
#554=EDGE_CURVE('',#874,#875,#679,.T.);
#555=EDGE_CURVE('',#875,#876,#751,.T.);
#556=EDGE_CURVE('',#877,#849,#752,.T.);
#557=EDGE_CURVE('',#876,#877,#753,.T.);
#558=EDGE_CURVE('',#875,#836,#680,.T.);
#559=EDGE_CURVE('',#815,#876,#754,.T.);
#560=EDGE_CURVE('',#807,#878,#755,.T.);
#561=EDGE_CURVE('',#878,#850,#756,.T.);
#562=EDGE_CURVE('',#850,#851,#681,.T.);
#563=EDGE_CURVE('',#879,#881,#757,.T.);
#564=EDGE_CURVE('',#879,#880,#682,.T.);
#565=EDGE_CURVE('',#880,#851,#758,.T.);
#566=EDGE_CURVE('',#881,#878,#759,.T.);
#567=EDGE_CURVE('',#851,#852,#683,.T.);
#568=EDGE_CURVE('',#880,#882,#684,.T.);
#569=EDGE_CURVE('',#882,#852,#760,.T.);
#570=EDGE_CURVE('',#852,#853,#685,.T.);
#571=EDGE_CURVE('',#882,#883,#686,.T.);
#572=EDGE_CURVE('',#883,#853,#761,.T.);
#573=EDGE_CURVE('',#853,#854,#687,.T.);
#574=EDGE_CURVE('',#883,#884,#688,.T.);
#575=EDGE_CURVE('',#884,#854,#762,.T.);
#576=EDGE_CURVE('',#854,#855,#689,.T.);
#577=EDGE_CURVE('',#884,#885,#690,.T.);
#578=EDGE_CURVE('',#885,#855,#763,.T.);
#579=EDGE_CURVE('',#855,#856,#691,.T.);
#580=EDGE_CURVE('',#885,#886,#692,.T.);
#581=EDGE_CURVE('',#886,#856,#764,.T.);
#582=EDGE_CURVE('',#856,#857,#693,.T.);
#583=EDGE_CURVE('',#886,#887,#694,.T.);
#584=EDGE_CURVE('',#887,#857,#765,.T.);
#585=EDGE_CURVE('',#857,#858,#695,.T.);
#586=EDGE_CURVE('',#887,#888,#696,.T.);
#587=EDGE_CURVE('',#888,#858,#766,.T.);
#588=EDGE_CURVE('',#858,#859,#697,.T.);
#589=EDGE_CURVE('',#888,#889,#698,.T.);
#590=EDGE_CURVE('',#889,#859,#767,.T.);
#591=EDGE_CURVE('',#859,#860,#699,.T.);
#592=EDGE_CURVE('',#889,#890,#700,.T.);
#593=EDGE_CURVE('',#890,#860,#768,.T.);
#594=EDGE_CURVE('',#860,#861,#701,.T.);
#595=EDGE_CURVE('',#890,#891,#702,.T.);
#596=EDGE_CURVE('',#891,#861,#769,.T.);
#597=EDGE_CURVE('',#864,#839,#703,.T.);
#598=EDGE_CURVE('',#892,#864,#770,.T.);
#599=EDGE_CURVE('',#892,#865,#704,.T.);
#600=EDGE_CURVE('',#891,#824,#705,.T.);
#601=EDGE_CURVE('',#821,#862,#771,.T.);
#602=EDGE_CURVE('',#822,#863,#772,.T.);
#603=EDGE_CURVE('',#825,#892,#706,.T.);
#604=EDGE_CURVE('',#807,#808,#773,.T.);
#605=EDGE_CURVE('',#808,#893,#774,.T.);
#606=EDGE_CURVE('',#893,#878,#775,.T.);
#607=EDGE_CURVE('',#809,#894,#776,.T.);
#608=EDGE_CURVE('',#894,#893,#777,.T.);
#609=EDGE_CURVE('',#809,#810,#778,.T.);
#610=EDGE_CURVE('',#881,#894,#779,.T.);
#611=EDGE_CURVE('',#810,#881,#780,.T.);
#612=EDGE_CURVE('',#838,#879,#707,.T.);
#613=EDGE_CURVE('',#817,#818,#781,.T.);
#614=EDGE_CURVE('',#817,#895,#782,.T.);
#615=EDGE_CURVE('',#895,#877,#783,.T.);
#616=EDGE_CURVE('',#818,#877,#784,.T.);
#617=EDGE_CURVE('',#816,#896,#785,.T.);
#618=EDGE_CURVE('',#896,#895,#786,.T.);
#619=EDGE_CURVE('',#815,#816,#787,.T.);
#620=EDGE_CURVE('',#876,#896,#788,.T.);
#621=EDGE_CURVE('',#897,#902,#708,.T.);
#622=EDGE_CURVE('',#900,#899,#789,.T.);
#623=EDGE_CURVE('',#901,#907,#790,.T.);
#624=EDGE_CURVE('',#904,#903,#791,.T.);
#625=EDGE_CURVE('',#905,#897,#709,.T.);
#626=EDGE_CURVE('',#898,#900,#710,.T.);
#627=EDGE_CURVE('',#903,#901,#711,.T.);
#628=EDGE_CURVE('',#899,#902,#712,.T.);
#629=EDGE_CURVE('',#905,#904,#713,.T.);
#630=EDGE_CURVE('',#906,#898,#792,.T.);
#631=EDGE_CURVE('',#833,#903,#714,.T.);
#632=EDGE_CURVE('',#904,#834,#715,.T.);
#633=EDGE_CURVE('',#897,#826,#716,.T.);
#634=EDGE_CURVE('',#831,#902,#717,.T.);
#635=EDGE_CURVE('',#828,#900,#793,.T.);
#636=EDGE_CURVE('',#827,#899,#718,.T.);
#637=EDGE_CURVE('',#905,#832,#719,.T.);
#638=EDGE_CURVE('',#830,#898,#794,.T.);
#639=EDGE_CURVE('',#829,#901,#795,.T.);
#640=EDGE_CURVE('',#907,#811,#796,.T.);
#641=EDGE_CURVE('',#811,#838,#797,.T.);
#642=EDGE_CURVE('',#837,#838,#798,.T.);
#643=EDGE_CURVE('',#837,#907,#799,.T.);
#644=EDGE_CURVE('',#836,#835,#800,.T.);
#645=EDGE_CURVE('',#836,#814,#801,.T.);
#646=EDGE_CURVE('',#814,#906,#802,.T.);
#647=EDGE_CURVE('',#906,#835,#803,.T.);
#648=EDGE_CURVE('',#838,#824,#804,.T.);
#649=EDGE_CURVE('',#825,#836,#805,.T.);
#650=(
BOUNDED_CURVE()
B_SPLINE_CURVE(2,(#1348,#1349,#1350),.UNSPECIFIED.,.F.,.F.)
B_SPLINE_CURVE_WITH_KNOTS((3,3),(0.,14.0000000000014),.UNSPECIFIED.)
CURVE()
GEOMETRIC_REPRESENTATION_ITEM()
RATIONAL_B_SPLINE_CURVE((1.,1.,1.))
REPRESENTATION_ITEM('')
);
#651=(
BOUNDED_CURVE()
B_SPLINE_CURVE(2,(#1395,#1396,#1397),.UNSPECIFIED.,.F.,.F.)
B_SPLINE_CURVE_WITH_KNOTS((3,3),(0.,1.),.UNSPECIFIED.)
CURVE()
GEOMETRIC_REPRESENTATION_ITEM()
RATIONAL_B_SPLINE_CURVE((1.,0.707106781194578,1.))
REPRESENTATION_ITEM('')
);
#652=(
BOUNDED_CURVE()
B_SPLINE_CURVE(2,(#1398,#1399,#1400),.UNSPECIFIED.,.F.,.F.)
B_SPLINE_CURVE_WITH_KNOTS((3,3),(0.,1.),.UNSPECIFIED.)
CURVE()
GEOMETRIC_REPRESENTATION_ITEM()
RATIONAL_B_SPLINE_CURVE((1.,0.707106781178366,1.))
REPRESENTATION_ITEM('')
);
#653=(
BOUNDED_CURVE()
B_SPLINE_CURVE(2,(#1401,#1402,#1403),.UNSPECIFIED.,.F.,.F.)
B_SPLINE_CURVE_WITH_KNOTS((3,3),(-1.,0.),.UNSPECIFIED.)
CURVE()
GEOMETRIC_REPRESENTATION_ITEM()
RATIONAL_B_SPLINE_CURVE((1.,0.586893895397579,1.))
REPRESENTATION_ITEM('')
);
#654=(
BOUNDED_CURVE()
B_SPLINE_CURVE(2,(#1404,#1405,#1406),.UNSPECIFIED.,.F.,.F.)
B_SPLINE_CURVE_WITH_KNOTS((3,3),(0.,1.),.UNSPECIFIED.)
CURVE()
GEOMETRIC_REPRESENTATION_ITEM()
RATIONAL_B_SPLINE_CURVE((1.,0.586893895397667,1.))
REPRESENTATION_ITEM('')
);
#655=(
BOUNDED_CURVE()
B_SPLINE_CURVE(2,(#1409,#1410,#1411),.UNSPECIFIED.,.F.,.F.)
B_SPLINE_CURVE_WITH_KNOTS((3,3),(-18.6042612151766,-11.1731714357473),
 .UNSPECIFIED.)
CURVE()
GEOMETRIC_REPRESENTATION_ITEM()
RATIONAL_B_SPLINE_CURVE((1.,1.,1.))
REPRESENTATION_ITEM('')
);
#656=(
BOUNDED_CURVE()
B_SPLINE_CURVE(2,(#1412,#1413,#1414),.UNSPECIFIED.,.F.,.F.)
B_SPLINE_CURVE_WITH_KNOTS((3,3),(2.82682856425411,10.2579183436835),
 .UNSPECIFIED.)
CURVE()
GEOMETRIC_REPRESENTATION_ITEM()
RATIONAL_B_SPLINE_CURVE((1.,1.,1.))
REPRESENTATION_ITEM('')
);
#657=(
BOUNDED_CURVE()
B_SPLINE_CURVE(2,(#1415,#1416,#1417),.UNSPECIFIED.,.F.,.F.)
B_SPLINE_CURVE_WITH_KNOTS((3,3),(21.7259455062753,24.9760048470046),
 .UNSPECIFIED.)
CURVE()
GEOMETRIC_REPRESENTATION_ITEM()
RATIONAL_B_SPLINE_CURVE((1.,1.,1.))
REPRESENTATION_ITEM('')
);
#658=(
BOUNDED_CURVE()
B_SPLINE_CURVE(2,(#1418,#1419,#1420),.UNSPECIFIED.,.F.,.F.)
B_SPLINE_CURVE_WITH_KNOTS((3,3),(24.9760048470046,35.9760048470055),
 .UNSPECIFIED.)
CURVE()
GEOMETRIC_REPRESENTATION_ITEM()
RATIONAL_B_SPLINE_CURVE((1.,1.,1.))
REPRESENTATION_ITEM('')
);
#659=(
BOUNDED_CURVE()
B_SPLINE_CURVE(2,(#1421,#1422,#1423),.UNSPECIFIED.,.F.,.F.)
B_SPLINE_CURVE_WITH_KNOTS((3,3),(35.9760048470055,39.2260641877349),
 .UNSPECIFIED.)
CURVE()
GEOMETRIC_REPRESENTATION_ITEM()
RATIONAL_B_SPLINE_CURVE((1.,1.,1.))
REPRESENTATION_ITEM('')
);
#660=(
BOUNDED_CURVE()
B_SPLINE_CURVE(2,(#1424,#1425,#1426),.UNSPECIFIED.,.F.,.F.)
B_SPLINE_CURVE_WITH_KNOTS((3,3),(-29.679395158955,-28.5798377301986),
 .UNSPECIFIED.)
CURVE()
GEOMETRIC_REPRESENTATION_ITEM()
RATIONAL_B_SPLINE_CURVE((1.,0.707106781186591,1.))
REPRESENTATION_ITEM('')
);
#661=(
BOUNDED_CURVE()
B_SPLINE_CURVE(2,(#1429,#1430,#1431),.UNSPECIFIED.,.F.,.F.)
B_SPLINE_CURVE_WITH_KNOTS((3,3),(-29.679395158955,-28.5798377301986),
 .UNSPECIFIED.)
CURVE()
GEOMETRIC_REPRESENTATION_ITEM()
RATIONAL_B_SPLINE_CURVE((1.,0.707106781186591,1.))
REPRESENTATION_ITEM('')
);
#662=(
BOUNDED_CURVE()
B_SPLINE_CURVE(2,(#1434,#1435,#1436),.UNSPECIFIED.,.F.,.F.)
B_SPLINE_CURVE_WITH_KNOTS((3,3),(-28.5798377301986,-27.9298377301986),
 .UNSPECIFIED.)
CURVE()
GEOMETRIC_REPRESENTATION_ITEM()
RATIONAL_B_SPLINE_CURVE((1.,1.,1.))
REPRESENTATION_ITEM('')
);
#663=(
BOUNDED_CURVE()
B_SPLINE_CURVE(2,(#1437,#1438,#1439),.UNSPECIFIED.,.F.,.F.)
B_SPLINE_CURVE_WITH_KNOTS((3,3),(-28.5798377301986,-27.9298377301986),
 .UNSPECIFIED.)
CURVE()
GEOMETRIC_REPRESENTATION_ITEM()
RATIONAL_B_SPLINE_CURVE((1.,1.,1.))
REPRESENTATION_ITEM('')
);
#664=(
BOUNDED_CURVE()
B_SPLINE_CURVE(2,(#1442,#1443,#1444),.UNSPECIFIED.,.F.,.F.)
B_SPLINE_CURVE_WITH_KNOTS((3,3),(-27.9298377301986,-26.1023234190206),
 .UNSPECIFIED.)
CURVE()
GEOMETRIC_REPRESENTATION_ITEM()
RATIONAL_B_SPLINE_CURVE((1.,1.,1.))
REPRESENTATION_ITEM('')
);
#665=(
BOUNDED_CURVE()
B_SPLINE_CURVE(2,(#1445,#1446,#1447),.UNSPECIFIED.,.F.,.F.)
B_SPLINE_CURVE_WITH_KNOTS((3,3),(-27.9298377301986,-26.1023234190206),
 .UNSPECIFIED.)
CURVE()
GEOMETRIC_REPRESENTATION_ITEM()
RATIONAL_B_SPLINE_CURVE((1.,1.,1.))
REPRESENTATION_ITEM('')
);
#666=(
BOUNDED_CURVE()
B_SPLINE_CURVE(2,(#1450,#1451,#1452),.UNSPECIFIED.,.F.,.F.)
B_SPLINE_CURVE_WITH_KNOTS((3,3),(-26.1023234190206,-25.1023234190206),
 .UNSPECIFIED.)
CURVE()
GEOMETRIC_REPRESENTATION_ITEM()
RATIONAL_B_SPLINE_CURVE((1.,1.,1.))
REPRESENTATION_ITEM('')
);
#667=(
BOUNDED_CURVE()
B_SPLINE_CURVE(2,(#1453,#1454,#1455),.UNSPECIFIED.,.F.,.F.)
B_SPLINE_CURVE_WITH_KNOTS((3,3),(-26.1023234190206,-25.1023234190206),
 .UNSPECIFIED.)
CURVE()
GEOMETRIC_REPRESENTATION_ITEM()
RATIONAL_B_SPLINE_CURVE((1.,1.,1.))
REPRESENTATION_ITEM('')
);
#668=(
BOUNDED_CURVE()
B_SPLINE_CURVE(2,(#1458,#1459,#1460),.UNSPECIFIED.,.F.,.F.)
B_SPLINE_CURVE_WITH_KNOTS((3,3),(-25.1023234190206,-22.7748091078426),
 .UNSPECIFIED.)
CURVE()
GEOMETRIC_REPRESENTATION_ITEM()
RATIONAL_B_SPLINE_CURVE((1.,1.,1.))
REPRESENTATION_ITEM('')
);
#669=(
BOUNDED_CURVE()
B_SPLINE_CURVE(2,(#1461,#1462,#1463),.UNSPECIFIED.,.F.,.F.)
B_SPLINE_CURVE_WITH_KNOTS((3,3),(-25.1023234190206,-22.7748091078426),
 .UNSPECIFIED.)
CURVE()
GEOMETRIC_REPRESENTATION_ITEM()
RATIONAL_B_SPLINE_CURVE((1.,1.,1.))
REPRESENTATION_ITEM('')
);
#670=(
BOUNDED_CURVE()
B_SPLINE_CURVE(2,(#1466,#1467,#1468),.UNSPECIFIED.,.F.,.F.)
B_SPLINE_CURVE_WITH_KNOTS((3,3),(-22.7748091078426,-21.9894109444452),
 .UNSPECIFIED.)
CURVE()
GEOMETRIC_REPRESENTATION_ITEM()
RATIONAL_B_SPLINE_CURVE((1.,0.70710678118659,1.))
REPRESENTATION_ITEM('')
);
#671=(
BOUNDED_CURVE()
B_SPLINE_CURVE(2,(#1469,#1470,#1471),.UNSPECIFIED.,.F.,.F.)
B_SPLINE_CURVE_WITH_KNOTS((3,3),(-22.7748091078426,-21.9894109444452),
 .UNSPECIFIED.)
CURVE()
GEOMETRIC_REPRESENTATION_ITEM()
RATIONAL_B_SPLINE_CURVE((1.,0.70710678118659,1.))
REPRESENTATION_ITEM('')
);
#672=(
BOUNDED_CURVE()
B_SPLINE_CURVE(2,(#1474,#1475,#1476),.UNSPECIFIED.,.F.,.F.)
B_SPLINE_CURVE_WITH_KNOTS((3,3),(-21.9894109444452,-21.1894109444452),
 .UNSPECIFIED.)
CURVE()
GEOMETRIC_REPRESENTATION_ITEM()
RATIONAL_B_SPLINE_CURVE((1.,1.,1.))
REPRESENTATION_ITEM('')
);
#673=(
BOUNDED_CURVE()
B_SPLINE_CURVE(2,(#1477,#1478,#1479),.UNSPECIFIED.,.F.,.F.)
B_SPLINE_CURVE_WITH_KNOTS((3,3),(-21.9894109444452,-21.1894109444452),
 .UNSPECIFIED.)
CURVE()
GEOMETRIC_REPRESENTATION_ITEM()
RATIONAL_B_SPLINE_CURVE((1.,1.,1.))
REPRESENTATION_ITEM('')
);
#674=(
BOUNDED_CURVE()
B_SPLINE_CURVE(2,(#1482,#1483,#1484),.UNSPECIFIED.,.F.,.F.)
B_SPLINE_CURVE_WITH_KNOTS((3,3),(-21.1894109444452,-20.0898535156888),
 .UNSPECIFIED.)
CURVE()
GEOMETRIC_REPRESENTATION_ITEM()
RATIONAL_B_SPLINE_CURVE((1.,0.707106781186558,1.))
REPRESENTATION_ITEM('')
);
#675=(
BOUNDED_CURVE()
B_SPLINE_CURVE(2,(#1485,#1486,#1487),.UNSPECIFIED.,.F.,.F.)
B_SPLINE_CURVE_WITH_KNOTS((3,3),(-21.1894109444452,-20.0898535156888),
 .UNSPECIFIED.)
CURVE()
GEOMETRIC_REPRESENTATION_ITEM()
RATIONAL_B_SPLINE_CURVE((1.,0.707106781186558,1.))
REPRESENTATION_ITEM('')
);
#676=(
BOUNDED_CURVE()
B_SPLINE_CURVE(2,(#1490,#1491,#1492),.UNSPECIFIED.,.F.,.F.)
B_SPLINE_CURVE_WITH_KNOTS((3,3),(-20.0898535156888,-18.9969602968753),
 .UNSPECIFIED.)
CURVE()
GEOMETRIC_REPRESENTATION_ITEM()
RATIONAL_B_SPLINE_CURVE((1.,1.,1.))
REPRESENTATION_ITEM('')
);
#677=(
BOUNDED_CURVE()
B_SPLINE_CURVE(2,(#1493,#1494,#1495),.UNSPECIFIED.,.F.,.F.)
B_SPLINE_CURVE_WITH_KNOTS((3,3),(-20.0898535156888,-18.9969602968753),
 .UNSPECIFIED.)
CURVE()
GEOMETRIC_REPRESENTATION_ITEM()
RATIONAL_B_SPLINE_CURVE((1.,1.,1.))
REPRESENTATION_ITEM('')
);
#678=(
BOUNDED_CURVE()
B_SPLINE_CURVE(2,(#1498,#1499,#1500),.UNSPECIFIED.,.F.,.F.)
B_SPLINE_CURVE_WITH_KNOTS((3,3),(-18.9969602968753,-18.6042612151766),
 .UNSPECIFIED.)
CURVE()
GEOMETRIC_REPRESENTATION_ITEM()
RATIONAL_B_SPLINE_CURVE((1.,0.923879532511292,1.))
REPRESENTATION_ITEM('')
);
#679=(
BOUNDED_CURVE()
B_SPLINE_CURVE(2,(#1501,#1502,#1503),.UNSPECIFIED.,.F.,.F.)
B_SPLINE_CURVE_WITH_KNOTS((3,3),(-18.9969602968753,-18.6042612151766),
 .UNSPECIFIED.)
CURVE()
GEOMETRIC_REPRESENTATION_ITEM()
RATIONAL_B_SPLINE_CURVE((1.,0.923879532511292,1.))
REPRESENTATION_ITEM('')
);
#680=(
BOUNDED_CURVE()
B_SPLINE_CURVE(2,(#1510,#1511,#1512),.UNSPECIFIED.,.F.,.F.)
B_SPLINE_CURVE_WITH_KNOTS((3,3),(-18.6042612151766,-17.7583378856724),
 .UNSPECIFIED.)
CURVE()
GEOMETRIC_REPRESENTATION_ITEM()
RATIONAL_B_SPLINE_CURVE((1.,1.,1.))
REPRESENTATION_ITEM('')
);
#681=(
BOUNDED_CURVE()
B_SPLINE_CURVE(2,(#1519,#1520,#1521),.UNSPECIFIED.,.F.,.F.)
B_SPLINE_CURVE_WITH_KNOTS((3,3),(10.2579183436835,10.6506174253822),
 .UNSPECIFIED.)
CURVE()
GEOMETRIC_REPRESENTATION_ITEM()
RATIONAL_B_SPLINE_CURVE((1.,0.92387953251127,1.))
REPRESENTATION_ITEM('')
);
#682=(
BOUNDED_CURVE()
B_SPLINE_CURVE(2,(#1524,#1525,#1526),.UNSPECIFIED.,.F.,.F.)
B_SPLINE_CURVE_WITH_KNOTS((3,3),(10.2579183436835,10.6506174253822),
 .UNSPECIFIED.)
CURVE()
GEOMETRIC_REPRESENTATION_ITEM()
RATIONAL_B_SPLINE_CURVE((1.,0.92387953251127,1.))
REPRESENTATION_ITEM('')
);
#683=(
BOUNDED_CURVE()
B_SPLINE_CURVE(2,(#1531,#1532,#1533),.UNSPECIFIED.,.F.,.F.)
B_SPLINE_CURVE_WITH_KNOTS((3,3),(10.6506174253822,11.7435106441956),
 .UNSPECIFIED.)
CURVE()
GEOMETRIC_REPRESENTATION_ITEM()
RATIONAL_B_SPLINE_CURVE((1.,1.,1.))
REPRESENTATION_ITEM('')
);
#684=(
BOUNDED_CURVE()
B_SPLINE_CURVE(2,(#1534,#1535,#1536),.UNSPECIFIED.,.F.,.F.)
B_SPLINE_CURVE_WITH_KNOTS((3,3),(10.6506174253822,11.7435106441956),
 .UNSPECIFIED.)
CURVE()
GEOMETRIC_REPRESENTATION_ITEM()
RATIONAL_B_SPLINE_CURVE((1.,1.,1.))
REPRESENTATION_ITEM('')
);
#685=(
BOUNDED_CURVE()
B_SPLINE_CURVE(2,(#1539,#1540,#1541),.UNSPECIFIED.,.F.,.F.)
B_SPLINE_CURVE_WITH_KNOTS((3,3),(11.7435106441956,12.8430680729521),
 .UNSPECIFIED.)
CURVE()
GEOMETRIC_REPRESENTATION_ITEM()
RATIONAL_B_SPLINE_CURVE((1.,0.707106781186556,1.))
REPRESENTATION_ITEM('')
);
#686=(
BOUNDED_CURVE()
B_SPLINE_CURVE(2,(#1542,#1543,#1544),.UNSPECIFIED.,.F.,.F.)
B_SPLINE_CURVE_WITH_KNOTS((3,3),(11.7435106441956,12.8430680729521),
 .UNSPECIFIED.)
CURVE()
GEOMETRIC_REPRESENTATION_ITEM()
RATIONAL_B_SPLINE_CURVE((1.,0.707106781186556,1.))
REPRESENTATION_ITEM('')
);
#687=(
BOUNDED_CURVE()
B_SPLINE_CURVE(2,(#1547,#1548,#1549),.UNSPECIFIED.,.F.,.F.)
B_SPLINE_CURVE_WITH_KNOTS((3,3),(12.8430680729521,13.643068072952),
 .UNSPECIFIED.)
CURVE()
GEOMETRIC_REPRESENTATION_ITEM()
RATIONAL_B_SPLINE_CURVE((1.,1.,1.))
REPRESENTATION_ITEM('')
);
#688=(
BOUNDED_CURVE()
B_SPLINE_CURVE(2,(#1550,#1551,#1552),.UNSPECIFIED.,.F.,.F.)
B_SPLINE_CURVE_WITH_KNOTS((3,3),(12.8430680729521,13.643068072952),
 .UNSPECIFIED.)
CURVE()
GEOMETRIC_REPRESENTATION_ITEM()
RATIONAL_B_SPLINE_CURVE((1.,1.,1.))
REPRESENTATION_ITEM('')
);
#689=(
BOUNDED_CURVE()
B_SPLINE_CURVE(2,(#1555,#1556,#1557),.UNSPECIFIED.,.F.,.F.)
B_SPLINE_CURVE_WITH_KNOTS((3,3),(13.643068072952,14.4284662363495),
 .UNSPECIFIED.)
CURVE()
GEOMETRIC_REPRESENTATION_ITEM()
RATIONAL_B_SPLINE_CURVE((1.,0.70710678118659,1.))
REPRESENTATION_ITEM('')
);
#690=(
BOUNDED_CURVE()
B_SPLINE_CURVE(2,(#1558,#1559,#1560),.UNSPECIFIED.,.F.,.F.)
B_SPLINE_CURVE_WITH_KNOTS((3,3),(13.643068072952,14.4284662363495),
 .UNSPECIFIED.)
CURVE()
GEOMETRIC_REPRESENTATION_ITEM()
RATIONAL_B_SPLINE_CURVE((1.,0.70710678118659,1.))
REPRESENTATION_ITEM('')
);
#691=(
BOUNDED_CURVE()
B_SPLINE_CURVE(2,(#1563,#1564,#1565),.UNSPECIFIED.,.F.,.F.)
B_SPLINE_CURVE_WITH_KNOTS((3,3),(14.4284662363495,16.7559805475274),
 .UNSPECIFIED.)
CURVE()
GEOMETRIC_REPRESENTATION_ITEM()
RATIONAL_B_SPLINE_CURVE((1.,1.,1.))
REPRESENTATION_ITEM('')
);
#692=(
BOUNDED_CURVE()
B_SPLINE_CURVE(2,(#1566,#1567,#1568),.UNSPECIFIED.,.F.,.F.)
B_SPLINE_CURVE_WITH_KNOTS((3,3),(14.4284662363495,16.7559805475274),
 .UNSPECIFIED.)
CURVE()
GEOMETRIC_REPRESENTATION_ITEM()
RATIONAL_B_SPLINE_CURVE((1.,1.,1.))
REPRESENTATION_ITEM('')
);
#693=(
BOUNDED_CURVE()
B_SPLINE_CURVE(2,(#1571,#1572,#1573),.UNSPECIFIED.,.F.,.F.)
B_SPLINE_CURVE_WITH_KNOTS((3,3),(16.7559805475274,17.7559805475275),
 .UNSPECIFIED.)
CURVE()
GEOMETRIC_REPRESENTATION_ITEM()
RATIONAL_B_SPLINE_CURVE((1.,1.,1.))
REPRESENTATION_ITEM('')
);
#694=(
BOUNDED_CURVE()
B_SPLINE_CURVE(2,(#1574,#1575,#1576),.UNSPECIFIED.,.F.,.F.)
B_SPLINE_CURVE_WITH_KNOTS((3,3),(16.7559805475274,17.7559805475275),
 .UNSPECIFIED.)
CURVE()
GEOMETRIC_REPRESENTATION_ITEM()
RATIONAL_B_SPLINE_CURVE((1.,1.,1.))
REPRESENTATION_ITEM('')
);
#695=(
BOUNDED_CURVE()
B_SPLINE_CURVE(2,(#1579,#1580,#1581),.UNSPECIFIED.,.F.,.F.)
B_SPLINE_CURVE_WITH_KNOTS((3,3),(17.7559805475275,19.5834948587054),
 .UNSPECIFIED.)
CURVE()
GEOMETRIC_REPRESENTATION_ITEM()
RATIONAL_B_SPLINE_CURVE((1.,1.,1.))
REPRESENTATION_ITEM('')
);
#696=(
BOUNDED_CURVE()
B_SPLINE_CURVE(2,(#1582,#1583,#1584),.UNSPECIFIED.,.F.,.F.)
B_SPLINE_CURVE_WITH_KNOTS((3,3),(17.7559805475275,19.5834948587054),
 .UNSPECIFIED.)
CURVE()
GEOMETRIC_REPRESENTATION_ITEM()
RATIONAL_B_SPLINE_CURVE((1.,1.,1.))
REPRESENTATION_ITEM('')
);
#697=(
BOUNDED_CURVE()
B_SPLINE_CURVE(2,(#1587,#1588,#1589),.UNSPECIFIED.,.F.,.F.)
B_SPLINE_CURVE_WITH_KNOTS((3,3),(19.5834948587054,20.2334948587054),
 .UNSPECIFIED.)
CURVE()
GEOMETRIC_REPRESENTATION_ITEM()
RATIONAL_B_SPLINE_CURVE((1.,1.,1.))
REPRESENTATION_ITEM('')
);
#698=(
BOUNDED_CURVE()
B_SPLINE_CURVE(2,(#1590,#1591,#1592),.UNSPECIFIED.,.F.,.F.)
B_SPLINE_CURVE_WITH_KNOTS((3,3),(19.5834948587054,20.2334948587054),
 .UNSPECIFIED.)
CURVE()
GEOMETRIC_REPRESENTATION_ITEM()
RATIONAL_B_SPLINE_CURVE((1.,1.,1.))
REPRESENTATION_ITEM('')
);
#699=(
BOUNDED_CURVE()
B_SPLINE_CURVE(2,(#1595,#1596,#1597),.UNSPECIFIED.,.F.,.F.)
B_SPLINE_CURVE_WITH_KNOTS((3,3),(20.2334948587054,21.3330522874618),
 .UNSPECIFIED.)
CURVE()
GEOMETRIC_REPRESENTATION_ITEM()
RATIONAL_B_SPLINE_CURVE((1.,0.707106781186582,1.))
REPRESENTATION_ITEM('')
);
#700=(
BOUNDED_CURVE()
B_SPLINE_CURVE(2,(#1598,#1599,#1600),.UNSPECIFIED.,.F.,.F.)
B_SPLINE_CURVE_WITH_KNOTS((3,3),(20.2334948587054,21.3330522874618),
 .UNSPECIFIED.)
CURVE()
GEOMETRIC_REPRESENTATION_ITEM()
RATIONAL_B_SPLINE_CURVE((1.,0.707106781186582,1.))
REPRESENTATION_ITEM('')
);
#701=(
BOUNDED_CURVE()
B_SPLINE_CURVE(2,(#1603,#1604,#1605),.UNSPECIFIED.,.F.,.F.)
B_SPLINE_CURVE_WITH_KNOTS((3,3),(21.3330522874618,21.7259455062753),
 .UNSPECIFIED.)
CURVE()
GEOMETRIC_REPRESENTATION_ITEM()
RATIONAL_B_SPLINE_CURVE((1.,1.,1.))
REPRESENTATION_ITEM('')
);
#702=(
BOUNDED_CURVE()
B_SPLINE_CURVE(2,(#1606,#1607,#1608),.UNSPECIFIED.,.F.,.F.)
B_SPLINE_CURVE_WITH_KNOTS((3,3),(21.3330522874618,21.7259455062753),
 .UNSPECIFIED.)
CURVE()
GEOMETRIC_REPRESENTATION_ITEM()
RATIONAL_B_SPLINE_CURVE((1.,1.,1.))
REPRESENTATION_ITEM('')
);
#703=(
BOUNDED_CURVE()
B_SPLINE_CURVE(2,(#1611,#1612,#1613),.UNSPECIFIED.,.F.,.F.)
B_SPLINE_CURVE_WITH_KNOTS((3,3),(39.2260641877349,39.6189574065483),
 .UNSPECIFIED.)
CURVE()
GEOMETRIC_REPRESENTATION_ITEM()
RATIONAL_B_SPLINE_CURVE((1.,1.,1.))
REPRESENTATION_ITEM('')
);
#704=(
BOUNDED_CURVE()
B_SPLINE_CURVE(2,(#1616,#1617,#1618),.UNSPECIFIED.,.F.,.F.)
B_SPLINE_CURVE_WITH_KNOTS((3,3),(39.2260641877349,39.6189574065483),
 .UNSPECIFIED.)
CURVE()
GEOMETRIC_REPRESENTATION_ITEM()
RATIONAL_B_SPLINE_CURVE((1.,1.,1.))
REPRESENTATION_ITEM('')
);
#705=(
BOUNDED_CURVE()
B_SPLINE_CURVE(2,(#1619,#1620,#1621),.UNSPECIFIED.,.F.,.F.)
B_SPLINE_CURVE_WITH_KNOTS((3,3),(21.7259455062753,22.7340206517241),
 .UNSPECIFIED.)
CURVE()
GEOMETRIC_REPRESENTATION_ITEM()
RATIONAL_B_SPLINE_CURVE((1.,1.,1.))
REPRESENTATION_ITEM('')
);
#706=(
BOUNDED_CURVE()
B_SPLINE_CURVE(2,(#1626,#1627,#1628),.UNSPECIFIED.,.F.,.F.)
B_SPLINE_CURVE_WITH_KNOTS((3,3),(38.2179890422861,39.2260641877349),
 .UNSPECIFIED.)
CURVE()
GEOMETRIC_REPRESENTATION_ITEM()
RATIONAL_B_SPLINE_CURVE((1.,1.,1.))
REPRESENTATION_ITEM('')
);
#707=(
BOUNDED_CURVE()
B_SPLINE_CURVE(2,(#1649,#1650,#1651),.UNSPECIFIED.,.F.,.F.)
B_SPLINE_CURVE_WITH_KNOTS((3,3),(9.41199501417924,10.2579183436835),
 .UNSPECIFIED.)
CURVE()
GEOMETRIC_REPRESENTATION_ITEM()
RATIONAL_B_SPLINE_CURVE((1.,1.,1.))
REPRESENTATION_ITEM('')
);
#708=(
BOUNDED_CURVE()
B_SPLINE_CURVE(2,(#1672,#1673,#1674),.UNSPECIFIED.,.F.,.F.)
B_SPLINE_CURVE_WITH_KNOTS((3,3),(-49.0088453960008,-46.4162152049714),
 .UNSPECIFIED.)
CURVE()
GEOMETRIC_REPRESENTATION_ITEM()
RATIONAL_B_SPLINE_CURVE((1.,0.987515442876244,1.))
REPRESENTATION_ITEM('')
);
#709=(
BOUNDED_CURVE()
B_SPLINE_CURVE(2,(#1681,#1682,#1683,#1684,#1685,#1686,#1687),
 .UNSPECIFIED.,.F.,.F.)
B_SPLINE_CURVE_WITH_KNOTS((3,2,2,3),(-27.0970505794733,-24.5044226980004,
-12.2522113490002,0.),.UNSPECIFIED.)
CURVE()
GEOMETRIC_REPRESENTATION_ITEM()
RATIONAL_B_SPLINE_CURVE((1.,0.987515466146555,1.,0.707106781186548,1.,0.707106781186548,
1.))
REPRESENTATION_ITEM('')
);
#710=(
BOUNDED_CURVE()
B_SPLINE_CURVE(2,(#1688,#1689,#1690),.UNSPECIFIED.,.F.,.F.)
B_SPLINE_CURVE_WITH_KNOTS((3,3),(0.,1.),.UNSPECIFIED.)
CURVE()
GEOMETRIC_REPRESENTATION_ITEM()
RATIONAL_B_SPLINE_CURVE((1.,0.707106781194595,1.))
REPRESENTATION_ITEM('')
);
#711=(
BOUNDED_CURVE()
B_SPLINE_CURVE(2,(#1691,#1692,#1693),.UNSPECIFIED.,.F.,.F.)
B_SPLINE_CURVE_WITH_KNOTS((3,3),(0.,1.),.UNSPECIFIED.)
CURVE()
GEOMETRIC_REPRESENTATION_ITEM()
RATIONAL_B_SPLINE_CURVE((1.,0.707106781178344,1.))
REPRESENTATION_ITEM('')
);
#712=(
BOUNDED_CURVE()
B_SPLINE_CURVE(2,(#1694,#1695,#1696),.UNSPECIFIED.,.F.,.F.)
B_SPLINE_CURVE_WITH_KNOTS((3,3),(-1.,0.),.UNSPECIFIED.)
CURVE()
GEOMETRIC_REPRESENTATION_ITEM()
RATIONAL_B_SPLINE_CURVE((1.,0.586893895394757,1.))
REPRESENTATION_ITEM('')
);
#713=(
BOUNDED_CURVE()
B_SPLINE_CURVE(2,(#1697,#1698,#1699),.UNSPECIFIED.,.F.,.F.)
B_SPLINE_CURVE_WITH_KNOTS((3,3),(0.,1.),.UNSPECIFIED.)
CURVE()
GEOMETRIC_REPRESENTATION_ITEM()
RATIONAL_B_SPLINE_CURVE((1.,0.586893895394842,1.))
REPRESENTATION_ITEM('')
);
#714=(
BOUNDED_CURVE()
B_SPLINE_CURVE(1,(#1702,#1703),.UNSPECIFIED.,.F.,.F.)
B_SPLINE_CURVE_WITH_KNOTS((2,2),(7.105427357601E-15,6.50000000000001),
 .UNSPECIFIED.)
CURVE()
GEOMETRIC_REPRESENTATION_ITEM()
RATIONAL_B_SPLINE_CURVE((1.,1.))
REPRESENTATION_ITEM('')
);
#715=(
BOUNDED_CURVE()
B_SPLINE_CURVE(1,(#1704,#1705),.UNSPECIFIED.,.F.,.F.)
B_SPLINE_CURVE_WITH_KNOTS((2,2),(3.71418513278599E-7,6.5000000000001),
 .UNSPECIFIED.)
CURVE()
GEOMETRIC_REPRESENTATION_ITEM()
RATIONAL_B_SPLINE_CURVE((1.,1.))
REPRESENTATION_ITEM('')
);
#716=(
BOUNDED_CURVE()
B_SPLINE_CURVE(1,(#1706,#1707),.UNSPECIFIED.,.F.,.F.)
B_SPLINE_CURVE_WITH_KNOTS((2,2),(0.,6.50000067768655),.UNSPECIFIED.)
CURVE()
GEOMETRIC_REPRESENTATION_ITEM()
RATIONAL_B_SPLINE_CURVE((1.,1.))
REPRESENTATION_ITEM('')
);
#717=(
BOUNDED_CURVE()
B_SPLINE_CURVE(1,(#1708,#1709),.UNSPECIFIED.,.F.,.F.)
B_SPLINE_CURVE_WITH_KNOTS((2,2),(4.97589555306315E-8,6.50000000000009),
 .UNSPECIFIED.)
CURVE()
GEOMETRIC_REPRESENTATION_ITEM()
RATIONAL_B_SPLINE_CURVE((1.,1.))
REPRESENTATION_ITEM('')
);
#718=(
BOUNDED_CURVE()
B_SPLINE_CURVE(1,(#1712,#1713),.UNSPECIFIED.,.F.,.F.)
B_SPLINE_CURVE_WITH_KNOTS((2,2),(4.97589550740862E-8,6.5000000000001),
 .UNSPECIFIED.)
CURVE()
GEOMETRIC_REPRESENTATION_ITEM()
RATIONAL_B_SPLINE_CURVE((1.,1.))
REPRESENTATION_ITEM('')
);
#719=(
BOUNDED_CURVE()
B_SPLINE_CURVE(1,(#1714,#1715),.UNSPECIFIED.,.F.,.F.)
B_SPLINE_CURVE_WITH_KNOTS((2,2),(3.71418520576901E-7,6.5000000000001),
 .UNSPECIFIED.)
CURVE()
GEOMETRIC_REPRESENTATION_ITEM()
RATIONAL_B_SPLINE_CURVE((1.,1.))
REPRESENTATION_ITEM('')
);
#720=B_SPLINE_CURVE_WITH_KNOTS('',1,(#1330,#1331),.UNSPECIFIED.,.F.,.F.,
(2,2),(0.,1.00000000006862),.UNSPECIFIED.);
#721=B_SPLINE_CURVE_WITH_KNOTS('',1,(#1332,#1333),.UNSPECIFIED.,.F.,.F.,
(2,2),(-3.42010101265559,-1.39999999997904),.UNSPECIFIED.);
#722=B_SPLINE_CURVE_WITH_KNOTS('',1,(#1334,#1335),.UNSPECIFIED.,.F.,.F.,
(2,2),(-1.99999999975729,-0.999999999999898),.UNSPECIFIED.);
#723=B_SPLINE_CURVE_WITH_KNOTS('',1,(#1336,#1337),.UNSPECIFIED.,.F.,.F.,
(2,2),(-0.999999999999898,-3.5527136788005E-15),.UNSPECIFIED.);
#724=B_SPLINE_CURVE_WITH_KNOTS('',1,(#1338,#1339),.UNSPECIFIED.,.F.,.F.,
(2,2),(-3.5527136788005E-15,11.9999999999847),.UNSPECIFIED.);
#725=B_SPLINE_CURVE_WITH_KNOTS('',1,(#1340,#1341),.UNSPECIFIED.,.F.,.F.,
(2,2),(11.9999999999847,12.9999999999849),.UNSPECIFIED.);
#726=B_SPLINE_CURVE_WITH_KNOTS('',1,(#1342,#1343),.UNSPECIFIED.,.F.,.F.,
(2,2),(-5.99999999981007,-5.00000000000653),.UNSPECIFIED.);
#727=B_SPLINE_CURVE_WITH_KNOTS('',1,(#1344,#1345),.UNSPECIFIED.,.F.,.F.,
(2,2),(1.39999999997904,3.42010101265559),.UNSPECIFIED.);
#728=B_SPLINE_CURVE_WITH_KNOTS('',1,(#1346,#1347),.UNSPECIFIED.,.F.,.F.,
(2,2),(-1.00000000002247,0.),.UNSPECIFIED.);
#729=B_SPLINE_CURVE_WITH_KNOTS('',1,(#1351,#1352),.UNSPECIFIED.,.F.,.F.,
(2,2),(-8.48440500677934,-5.14187605078486),.UNSPECIFIED.);
#730=B_SPLINE_CURVE_WITH_KNOTS('',1,(#1353,#1354),.UNSPECIFIED.,.F.,.F.,
(2,2),(0.,11.0000000000014),.UNSPECIFIED.);
#731=B_SPLINE_CURVE_WITH_KNOTS('',1,(#1355,#1356),.UNSPECIFIED.,.F.,.F.,
(2,2),(-8.48440500677934,-5.14187605078486),.UNSPECIFIED.);
#732=B_SPLINE_CURVE_WITH_KNOTS('',1,(#1357,#1358),.UNSPECIFIED.,.F.,.F.,
(2,2),(0.,11.0000000000014),.UNSPECIFIED.);
#733=B_SPLINE_CURVE_WITH_KNOTS('',1,(#1359,#1360),.UNSPECIFIED.,.F.,.F.,
(2,2),(1.62671959236249E-12,1.05565959170231),.UNSPECIFIED.);
#734=B_SPLINE_CURVE_WITH_KNOTS('',1,(#1361,#1362),.UNSPECIFIED.,.F.,.F.,
(2,2),(-1.0556595917381,-3.74191996832529E-11),.UNSPECIFIED.);
#735=B_SPLINE_CURVE_WITH_KNOTS('',3,(#1363,#1364,#1365,#1366,#1367,#1368,
#1369,#1370,#1371,#1372,#1373,#1374,#1375,#1376,#1377,#1378,#1379,#1380,
#1381,#1382,#1383,#1384),.UNSPECIFIED.,.F.,.F.,(4,2,2,2,3,2,2,2,3,4),(0.,
1.54138635188984,3.08277270519124,4.6241590584937,6.16554541038443,7.70693176227447,
9.24831811557597,10.7897044688787,12.3310908207688,13.5813929487341),
 .UNSPECIFIED.);
#736=B_SPLINE_CURVE_WITH_KNOTS('',1,(#1385,#1386),.UNSPECIFIED.,.F.,.F.,
(2,2),(-17.634759478406,-16.511441563581),.UNSPECIFIED.);
#737=B_SPLINE_CURVE_WITH_KNOTS('',1,(#1387,#1388),.UNSPECIFIED.,.F.,.F.,
(2,2),(-5.63475947839353,-2.06876212246226),.UNSPECIFIED.);
#738=B_SPLINE_CURVE_WITH_KNOTS('',3,(#1389,#1390,#1391,#1392),
 .UNSPECIFIED.,.F.,.F.,(4,4),(0.950976695987396,2.2012800105206),
 .UNSPECIFIED.);
#739=B_SPLINE_CURVE_WITH_KNOTS('',1,(#1393,#1394),.UNSPECIFIED.,.F.,.F.,
(2,2),(-7.95807965138144,-6.83475947842128),.UNSPECIFIED.);
#740=B_SPLINE_CURVE_WITH_KNOTS('',1,(#1407,#1408),.UNSPECIFIED.,.F.,.F.,
(2,2),(-22.40075683406,-18.8347594783782),.UNSPECIFIED.);
#741=B_SPLINE_CURVE_WITH_KNOTS('',1,(#1427,#1428),.UNSPECIFIED.,.F.,.F.,
(2,2),(0.,5.99999999981007),.UNSPECIFIED.);
#742=B_SPLINE_CURVE_WITH_KNOTS('',1,(#1432,#1433),.UNSPECIFIED.,.F.,.F.,
(2,2),(-5.99999999981007,0.),.UNSPECIFIED.);
#743=B_SPLINE_CURVE_WITH_KNOTS('',1,(#1440,#1441),.UNSPECIFIED.,.F.,.F.,
(2,2),(-5.99999999981007,0.),.UNSPECIFIED.);
#744=B_SPLINE_CURVE_WITH_KNOTS('',1,(#1448,#1449),.UNSPECIFIED.,.F.,.F.,
(2,2),(-5.99999999981007,0.),.UNSPECIFIED.);
#745=B_SPLINE_CURVE_WITH_KNOTS('',1,(#1456,#1457),.UNSPECIFIED.,.F.,.F.,
(2,2),(-5.99999999981007,0.),.UNSPECIFIED.);
#746=B_SPLINE_CURVE_WITH_KNOTS('',1,(#1464,#1465),.UNSPECIFIED.,.F.,.F.,
(2,2),(-5.99999999981007,0.),.UNSPECIFIED.);
#747=B_SPLINE_CURVE_WITH_KNOTS('',1,(#1472,#1473),.UNSPECIFIED.,.F.,.F.,
(2,2),(-5.99999999981007,0.),.UNSPECIFIED.);
#748=B_SPLINE_CURVE_WITH_KNOTS('',1,(#1480,#1481),.UNSPECIFIED.,.F.,.F.,
(2,2),(-5.99999999981007,0.),.UNSPECIFIED.);
#749=B_SPLINE_CURVE_WITH_KNOTS('',1,(#1488,#1489),.UNSPECIFIED.,.F.,.F.,
(2,2),(-5.99999999981007,0.),.UNSPECIFIED.);
#750=B_SPLINE_CURVE_WITH_KNOTS('',1,(#1496,#1497),.UNSPECIFIED.,.F.,.F.,
(2,2),(-5.99999999981007,0.),.UNSPECIFIED.);
#751=B_SPLINE_CURVE_WITH_KNOTS('',1,(#1504,#1505),.UNSPECIFIED.,.F.,.F.,
(2,2),(-5.99999999981007,-5.00000000000473),.UNSPECIFIED.);
#752=B_SPLINE_CURVE_WITH_KNOTS('',1,(#1506,#1507),.UNSPECIFIED.,.F.,.F.,
(2,2),(-1.00000000002067,0.),.UNSPECIFIED.);
#753=B_SPLINE_CURVE_WITH_KNOTS('',1,(#1508,#1509),.UNSPECIFIED.,.F.,.F.,
(2,2),(-5.00000000000473,-1.00000000002067),.UNSPECIFIED.);
#754=B_SPLINE_CURVE_WITH_KNOTS('',1,(#1513,#1514),.UNSPECIFIED.,.F.,.F.,
(2,2),(1.6200374375329E-12,7.43108977945926),.UNSPECIFIED.);
#755=B_SPLINE_CURVE_WITH_KNOTS('',1,(#1515,#1516),.UNSPECIFIED.,.F.,.F.,
(2,2),(2.58637555816676E-12,7.43108977946022),.UNSPECIFIED.);
#756=B_SPLINE_CURVE_WITH_KNOTS('',1,(#1517,#1518),.UNSPECIFIED.,.F.,.F.,
(2,2),(-1.00000000006682,0.),.UNSPECIFIED.);
#757=B_SPLINE_CURVE_WITH_KNOTS('',1,(#1522,#1523),.UNSPECIFIED.,.F.,.F.,
(2,2),(-5.99999999981007,-5.00000000005088),.UNSPECIFIED.);
#758=B_SPLINE_CURVE_WITH_KNOTS('',1,(#1527,#1528),.UNSPECIFIED.,.F.,.F.,
(2,2),(-5.99999999981007,0.),.UNSPECIFIED.);
#759=B_SPLINE_CURVE_WITH_KNOTS('',1,(#1529,#1530),.UNSPECIFIED.,.F.,.F.,
(2,2),(-5.00000000005088,-1.00000000006682),.UNSPECIFIED.);
#760=B_SPLINE_CURVE_WITH_KNOTS('',1,(#1537,#1538),.UNSPECIFIED.,.F.,.F.,
(2,2),(-5.99999999981007,0.),.UNSPECIFIED.);
#761=B_SPLINE_CURVE_WITH_KNOTS('',1,(#1545,#1546),.UNSPECIFIED.,.F.,.F.,
(2,2),(-5.99999999981007,0.),.UNSPECIFIED.);
#762=B_SPLINE_CURVE_WITH_KNOTS('',1,(#1553,#1554),.UNSPECIFIED.,.F.,.F.,
(2,2),(-5.99999999981007,0.),.UNSPECIFIED.);
#763=B_SPLINE_CURVE_WITH_KNOTS('',1,(#1561,#1562),.UNSPECIFIED.,.F.,.F.,
(2,2),(-5.99999999981007,0.),.UNSPECIFIED.);
#764=B_SPLINE_CURVE_WITH_KNOTS('',1,(#1569,#1570),.UNSPECIFIED.,.F.,.F.,
(2,2),(-5.99999999981007,0.),.UNSPECIFIED.);
#765=B_SPLINE_CURVE_WITH_KNOTS('',1,(#1577,#1578),.UNSPECIFIED.,.F.,.F.,
(2,2),(-5.99999999981007,0.),.UNSPECIFIED.);
#766=B_SPLINE_CURVE_WITH_KNOTS('',1,(#1585,#1586),.UNSPECIFIED.,.F.,.F.,
(2,2),(-5.99999999981007,0.),.UNSPECIFIED.);
#767=B_SPLINE_CURVE_WITH_KNOTS('',1,(#1593,#1594),.UNSPECIFIED.,.F.,.F.,
(2,2),(-5.99999999981007,0.),.UNSPECIFIED.);
#768=B_SPLINE_CURVE_WITH_KNOTS('',1,(#1601,#1602),.UNSPECIFIED.,.F.,.F.,
(2,2),(-5.99999999981007,0.),.UNSPECIFIED.);
#769=B_SPLINE_CURVE_WITH_KNOTS('',1,(#1609,#1610),.UNSPECIFIED.,.F.,.F.,
(2,2),(-5.99999999981007,0.),.UNSPECIFIED.);
#770=B_SPLINE_CURVE_WITH_KNOTS('',1,(#1614,#1615),.UNSPECIFIED.,.F.,.F.,
(2,2),(-5.99999999981007,0.),.UNSPECIFIED.);
#771=B_SPLINE_CURVE_WITH_KNOTS('',1,(#1622,#1623),.UNSPECIFIED.,.F.,.F.,
(2,2),(-2.59446844142521,0.),.UNSPECIFIED.);
#772=B_SPLINE_CURVE_WITH_KNOTS('',1,(#1624,#1625),.UNSPECIFIED.,.F.,.F.,
(2,2),(-2.59446844142491,0.),.UNSPECIFIED.);
#773=B_SPLINE_CURVE_WITH_KNOTS('',1,(#1629,#1630),.UNSPECIFIED.,.F.,.F.,
(2,2),(-4.82010101265561,-3.42010101265559),.UNSPECIFIED.);
#774=B_SPLINE_CURVE_WITH_KNOTS('',1,(#1631,#1632),.UNSPECIFIED.,.F.,.F.,
(2,2),(0.,6.44114028587878),.UNSPECIFIED.);
#775=B_SPLINE_CURVE_WITH_KNOTS('',3,(#1633,#1634,#1635,#1636),
 .UNSPECIFIED.,.F.,.F.,(4,4),(0.,1.71464281993523),.UNSPECIFIED.);
#776=B_SPLINE_CURVE_WITH_KNOTS('',1,(#1637,#1638),.UNSPECIFIED.,.F.,.F.,
(2,2),(0.,6.44114028587834),.UNSPECIFIED.);
#777=B_SPLINE_CURVE_WITH_KNOTS('',1,(#1639,#1640),.UNSPECIFIED.,.F.,.F.,
(2,2),(0.98994949364613,3.01005050632269),.UNSPECIFIED.);
#778=B_SPLINE_CURVE_WITH_KNOTS('',1,(#1641,#1642),.UNSPECIFIED.,.F.,.F.,
(2,2),(-1.39999999997904,0.),.UNSPECIFIED.);
#779=B_SPLINE_CURVE_WITH_KNOTS('',3,(#1643,#1644,#1645,#1646),
 .UNSPECIFIED.,.F.,.F.,(4,4),(0.,1.71464281992241),.UNSPECIFIED.);
#780=B_SPLINE_CURVE_WITH_KNOTS('',1,(#1647,#1648),.UNSPECIFIED.,.F.,.F.,
(2,2),(1.620037437533E-12,7.43108977945926),.UNSPECIFIED.);
#781=B_SPLINE_CURVE_WITH_KNOTS('',1,(#1652,#1653),.UNSPECIFIED.,.F.,.F.,
(2,2),(3.42010101265559,4.82010101265561),.UNSPECIFIED.);
#782=B_SPLINE_CURVE_WITH_KNOTS('',1,(#1654,#1655),.UNSPECIFIED.,.F.,.F.,
(2,2),(0.,6.44114028587878),.UNSPECIFIED.);
#783=B_SPLINE_CURVE_WITH_KNOTS('',3,(#1656,#1657,#1658,#1659),
 .UNSPECIFIED.,.F.,.F.,(4,4),(0.,1.71464281993523),.UNSPECIFIED.);
#784=B_SPLINE_CURVE_WITH_KNOTS('',1,(#1660,#1661),.UNSPECIFIED.,.F.,.F.,
(2,2),(2.58637555816695E-12,7.43108977946022),.UNSPECIFIED.);
#785=B_SPLINE_CURVE_WITH_KNOTS('',1,(#1662,#1663),.UNSPECIFIED.,.F.,.F.,
(2,2),(0.,6.44114028587834),.UNSPECIFIED.);
#786=B_SPLINE_CURVE_WITH_KNOTS('',1,(#1664,#1665),.UNSPECIFIED.,.F.,.F.,
(2,2),(0.98994949364613,3.01005050632269),.UNSPECIFIED.);
#787=B_SPLINE_CURVE_WITH_KNOTS('',1,(#1666,#1667),.UNSPECIFIED.,.F.,.F.,
(2,2),(0.,1.39999999997904),.UNSPECIFIED.);
#788=B_SPLINE_CURVE_WITH_KNOTS('',3,(#1668,#1669,#1670,#1671),
 .UNSPECIFIED.,.F.,.F.,(4,4),(0.,1.71464281992241),.UNSPECIFIED.);
#789=B_SPLINE_CURVE_WITH_KNOTS('',1,(#1675,#1676),.UNSPECIFIED.,.F.,.F.,
(2,2),(-17.6347594784059,-16.5114404343301),.UNSPECIFIED.);
#790=B_SPLINE_CURVE_WITH_KNOTS('',1,(#1677,#1678),.UNSPECIFIED.,.F.,.F.,
(2,2),(-5.63475947839354,-1.01310253076156),.UNSPECIFIED.);
#791=B_SPLINE_CURVE_WITH_KNOTS('',1,(#1679,#1680),.UNSPECIFIED.,.F.,.F.,
(2,2),(-7.95807852215005,-6.83475947842124),.UNSPECIFIED.);
#792=B_SPLINE_CURVE_WITH_KNOTS('',1,(#1700,#1701),.UNSPECIFIED.,.F.,.F.,
(2,2),(-23.4564164257607,-18.8347594783782),.UNSPECIFIED.);
#793=B_SPLINE_CURVE_WITH_KNOTS('',1,(#1710,#1711),.UNSPECIFIED.,.F.,.F.,
(2,2),(0.,6.50000000000001),.UNSPECIFIED.);
#794=B_SPLINE_CURVE_WITH_KNOTS('',1,(#1716,#1717),.UNSPECIFIED.,.F.,.F.,
(2,2),(0.,6.50000000000001),.UNSPECIFIED.);
#795=B_SPLINE_CURVE_WITH_KNOTS('',1,(#1718,#1719),.UNSPECIFIED.,.F.,.F.,
(2,2),(0.,6.5),.UNSPECIFIED.);
#796=B_SPLINE_CURVE_WITH_KNOTS('',1,(#1720,#1721),.UNSPECIFIED.,.F.,.F.,
(2,2),(0.,1.42350860128291),.UNSPECIFIED.);
#797=B_SPLINE_CURVE_WITH_KNOTS('',1,(#1722,#1723),.UNSPECIFIED.,.F.,.F.,
(2,2),(0.,6.5851664499502),.UNSPECIFIED.);
#798=B_SPLINE_CURVE_WITH_KNOTS('',1,(#1724,#1725),.UNSPECIFIED.,.F.,.F.,
(2,2),(0.,1.42350860128291),.UNSPECIFIED.);
#799=B_SPLINE_CURVE_WITH_KNOTS('',1,(#1726,#1727),.UNSPECIFIED.,.F.,.F.,
(2,2),(-6.5851664499502,0.),.UNSPECIFIED.);
#800=B_SPLINE_CURVE_WITH_KNOTS('',1,(#1728,#1729),.UNSPECIFIED.,.F.,.F.,
(2,2),(-1.42350860125225,0.),.UNSPECIFIED.);
#801=B_SPLINE_CURVE_WITH_KNOTS('',1,(#1730,#1731),.UNSPECIFIED.,.F.,.F.,
(2,2),(0.,6.58516644995045),.UNSPECIFIED.);
#802=B_SPLINE_CURVE_WITH_KNOTS('',1,(#1732,#1733),.UNSPECIFIED.,.F.,.F.,
(2,2),(-1.42350860125225,0.),.UNSPECIFIED.);
#803=B_SPLINE_CURVE_WITH_KNOTS('',1,(#1734,#1735),.UNSPECIFIED.,.F.,.F.,
(2,2),(-6.58516644995045,0.),.UNSPECIFIED.);
#804=B_SPLINE_CURVE_WITH_KNOTS('',1,(#1736,#1737,#1738),.UNSPECIFIED.,.F.,
 .F.,(2,1,2),(-11.6665476220481,-10.666547622048,-10.1665476220853),
 .UNSPECIFIED.);
#805=B_SPLINE_CURVE_WITH_KNOTS('',1,(#1739,#1740,#1741),.UNSPECIFIED.,.F.,
 .F.,(2,1,2),(11.4999999999602,11.9999999999813,12.9999999999813),
 .UNSPECIFIED.);
#806=VERTEX_POINT('',#1228);
#807=VERTEX_POINT('',#1229);
#808=VERTEX_POINT('',#1230);
#809=VERTEX_POINT('',#1231);
#810=VERTEX_POINT('',#1232);
#811=VERTEX_POINT('',#1233);
#812=VERTEX_POINT('',#1234);
#813=VERTEX_POINT('',#1235);
#814=VERTEX_POINT('',#1236);
#815=VERTEX_POINT('',#1237);
#816=VERTEX_POINT('',#1238);
#817=VERTEX_POINT('',#1239);
#818=VERTEX_POINT('',#1240);
#819=VERTEX_POINT('',#1241);
#820=VERTEX_POINT('',#1242);
#821=VERTEX_POINT('',#1243);
#822=VERTEX_POINT('',#1244);
#823=VERTEX_POINT('',#1245);
#824=VERTEX_POINT('',#1246);
#825=VERTEX_POINT('',#1247);
#826=VERTEX_POINT('',#1248);
#827=VERTEX_POINT('',#1249);
#828=VERTEX_POINT('',#1250);
#829=VERTEX_POINT('',#1251);
#830=VERTEX_POINT('',#1252);
#831=VERTEX_POINT('',#1253);
#832=VERTEX_POINT('',#1254);
#833=VERTEX_POINT('',#1255);
#834=VERTEX_POINT('',#1256);
#835=VERTEX_POINT('',#1257);
#836=VERTEX_POINT('',#1258);
#837=VERTEX_POINT('',#1259);
#838=VERTEX_POINT('',#1260);
#839=VERTEX_POINT('',#1261);
#840=VERTEX_POINT('',#1262);
#841=VERTEX_POINT('',#1263);
#842=VERTEX_POINT('',#1264);
#843=VERTEX_POINT('',#1265);
#844=VERTEX_POINT('',#1266);
#845=VERTEX_POINT('',#1267);
#846=VERTEX_POINT('',#1268);
#847=VERTEX_POINT('',#1269);
#848=VERTEX_POINT('',#1270);
#849=VERTEX_POINT('',#1271);
#850=VERTEX_POINT('',#1272);
#851=VERTEX_POINT('',#1273);
#852=VERTEX_POINT('',#1274);
#853=VERTEX_POINT('',#1275);
#854=VERTEX_POINT('',#1276);
#855=VERTEX_POINT('',#1277);
#856=VERTEX_POINT('',#1278);
#857=VERTEX_POINT('',#1279);
#858=VERTEX_POINT('',#1280);
#859=VERTEX_POINT('',#1281);
#860=VERTEX_POINT('',#1282);
#861=VERTEX_POINT('',#1283);
#862=VERTEX_POINT('',#1284);
#863=VERTEX_POINT('',#1285);
#864=VERTEX_POINT('',#1286);
#865=VERTEX_POINT('',#1287);
#866=VERTEX_POINT('',#1288);
#867=VERTEX_POINT('',#1289);
#868=VERTEX_POINT('',#1290);
#869=VERTEX_POINT('',#1291);
#870=VERTEX_POINT('',#1292);
#871=VERTEX_POINT('',#1293);
#872=VERTEX_POINT('',#1294);
#873=VERTEX_POINT('',#1295);
#874=VERTEX_POINT('',#1296);
#875=VERTEX_POINT('',#1297);
#876=VERTEX_POINT('',#1298);
#877=VERTEX_POINT('',#1299);
#878=VERTEX_POINT('',#1300);
#879=VERTEX_POINT('',#1301);
#880=VERTEX_POINT('',#1302);
#881=VERTEX_POINT('',#1303);
#882=VERTEX_POINT('',#1304);
#883=VERTEX_POINT('',#1305);
#884=VERTEX_POINT('',#1306);
#885=VERTEX_POINT('',#1307);
#886=VERTEX_POINT('',#1308);
#887=VERTEX_POINT('',#1309);
#888=VERTEX_POINT('',#1310);
#889=VERTEX_POINT('',#1311);
#890=VERTEX_POINT('',#1312);
#891=VERTEX_POINT('',#1313);
#892=VERTEX_POINT('',#1314);
#893=VERTEX_POINT('',#1315);
#894=VERTEX_POINT('',#1316);
#895=VERTEX_POINT('',#1317);
#896=VERTEX_POINT('',#1318);
#897=VERTEX_POINT('',#1319);
#898=VERTEX_POINT('',#1320);
#899=VERTEX_POINT('',#1321);
#900=VERTEX_POINT('',#1322);
#901=VERTEX_POINT('',#1323);
#902=VERTEX_POINT('',#1324);
#903=VERTEX_POINT('',#1325);
#904=VERTEX_POINT('',#1326);
#905=VERTEX_POINT('',#1327);
#906=VERTEX_POINT('',#1328);
#907=VERTEX_POINT('',#1329);
#908=B_SPLINE_SURFACE_WITH_KNOTS('',1,1,((#1220,#1221),(#1222,#1223)),
 .UNSPECIFIED.,.F.,.F.,.F.,(2,2),(2,2),(0.,1.42350860128291),(0.,6.5851664499502),
 .UNSPECIFIED.);
#909=B_SPLINE_SURFACE_WITH_KNOTS('',1,1,((#1224,#1225),(#1226,#1227)),
 .UNSPECIFIED.,.F.,.F.,.F.,(2,2),(2,2),(0.,1.42350860125225),(0.,6.58516644995045),
 .UNSPECIFIED.);
#910=CYLINDRICAL_SURFACE('',#1056,0.699999999999963);
#911=CYLINDRICAL_SURFACE('',#1061,0.499999999999974);
#912=CYLINDRICAL_SURFACE('',#1063,0.699999999999923);
#913=CYLINDRICAL_SURFACE('',#1065,0.499999999999886);
#914=CYLINDRICAL_SURFACE('',#1068,0.499999999999914);
#915=CYLINDRICAL_SURFACE('',#1070,0.699999999999974);
#916=CYLINDRICAL_SURFACE('',#1072,0.500000000000024);
#917=CYLINDRICAL_SURFACE('',#1077,0.700000000000024);
#918=CYLINDRICAL_SURFACE('',#1096,3.89999999999999);
#919=CYLINDRICAL_SURFACE('',#1098,3.89999999999999);
#920=CYLINDRICAL_SURFACE('',#1099,0.599999999999937);
#921=CYLINDRICAL_SURFACE('',#1100,0.600000000000044);
#922=CYLINDRICAL_SURFACE('',#1101,0.599999999999963);
#923=CYLINDRICAL_SURFACE('',#1102,0.600000000000008);
#924=PLANE('',#1052);
#925=PLANE('',#1053);
#926=PLANE('',#1054);
#927=PLANE('',#1055);
#928=PLANE('',#1057);
#929=PLANE('',#1058);
#930=PLANE('',#1059);
#931=PLANE('',#1060);
#932=PLANE('',#1062);
#933=PLANE('',#1064);
#934=PLANE('',#1066);
#935=PLANE('',#1067);
#936=PLANE('',#1069);
#937=PLANE('',#1071);
#938=PLANE('',#1073);
#939=PLANE('',#1074);
#940=PLANE('',#1075);
#941=PLANE('',#1076);
#942=PLANE('',#1078);
#943=PLANE('',#1079);
#944=PLANE('',#1080);
#945=PLANE('',#1081);
#946=PLANE('',#1082);
#947=PLANE('',#1083);
#948=PLANE('',#1084);
#949=PLANE('',#1085);
#950=PLANE('',#1086);
#951=PLANE('',#1087);
#952=PLANE('',#1088);
#953=PLANE('',#1089);
#954=PLANE('',#1090);
#955=PLANE('',#1091);
#956=PLANE('',#1092);
#957=PLANE('',#1093);
#958=PLANE('',#1094);
#959=PLANE('',#1095);
#960=PLANE('',#1097);
#961=PLANE('',#1103);
#962=PLANE('',#1104);
#963=PLANE('',#1105);
#964=SHAPE_DEFINITION_REPRESENTATION(#965,#1050);
#965=PRODUCT_DEFINITION_SHAPE('Document','',#967);
#966=PRODUCT_DEFINITION_CONTEXT('3D Mechanical Parts',#1039,'design');
#967=PRODUCT_DEFINITION('A','First version',#1009,#966);
#968=DATE_TIME_ROLE('classification_date');
#969=DATE_TIME_ROLE('creation_date');
#970=APPLIED_DATE_AND_TIME_ASSIGNMENT(#994,#968,(#973));
#971=APPLIED_DATE_AND_TIME_ASSIGNMENT(#996,#969,(#967));
#972=SECURITY_CLASSIFICATION_LEVEL('unclassified');
#973=SECURITY_CLASSIFICATION('A','Security for version',#972);
#974=APPLIED_SECURITY_CLASSIFICATION_ASSIGNMENT(#973,(#1009));
#975=APPROVAL_ROLE('Version approval');
#976=APPROVAL_ROLE('Version Security approval');
#977=APPROVAL_ROLE('Definition approval');
#978=APPROVAL_PERSON_ORGANIZATION(#1027,#1003,#975);
#979=APPROVAL_PERSON_ORGANIZATION(#1028,#1004,#976);
#980=APPROVAL_PERSON_ORGANIZATION(#1031,#1005,#977);
#981=COORDINATED_UNIVERSAL_TIME_OFFSET(5,0,.BEHIND.);
#982=LOCAL_TIME(0,0,0.,#981);
#983=LOCAL_TIME(0,0,0.,#981);
#984=LOCAL_TIME(0,0,0.,#981);
#985=LOCAL_TIME(0,0,0.,#981);
#986=LOCAL_TIME(0,0,0.,#981);
#987=CALENDAR_DATE(1999,1,1);
#988=CALENDAR_DATE(1999,1,1);
#989=CALENDAR_DATE(1999,1,1);
#990=CALENDAR_DATE(1999,1,1);
#991=CALENDAR_DATE(1999,1,1);
#992=DATE_AND_TIME(#987,#982);
#993=DATE_AND_TIME(#988,#983);
#994=DATE_AND_TIME(#989,#984);
#995=DATE_AND_TIME(#990,#985);
#996=DATE_AND_TIME(#991,#986);
#997=APPROVAL_DATE_TIME(#992,#1003);
#998=APPROVAL_DATE_TIME(#993,#1004);
#999=APPROVAL_DATE_TIME(#995,#1005);
#1000=APPROVAL_STATUS('not_yet_approved');
#1001=APPROVAL_STATUS('not_yet_approved');
#1002=APPROVAL_STATUS('approved');
#1003=APPROVAL(#1000,'Version approval');
#1004=APPROVAL(#1001,'Version Security approval');
#1005=APPROVAL(#1002,'Definition approval');
#1006=APPLIED_APPROVAL_ASSIGNMENT(#1003,(#1009));
#1007=APPLIED_APPROVAL_ASSIGNMENT(#1004,(#973));
#1008=APPLIED_APPROVAL_ASSIGNMENT(#1005,(#967));
#1009=PRODUCT_DEFINITION_FORMATION_WITH_SPECIFIED_SOURCE('A',
'First version',#1041,.MADE.);
#1010=PERSON_AND_ORGANIZATION_ROLE('design_owner');
#1011=PERSON_AND_ORGANIZATION_ROLE('creator');
#1012=PERSON_AND_ORGANIZATION_ROLE('design_supplier');
#1013=PERSON_AND_ORGANIZATION_ROLE('classification_officer');
#1014=PERSON_AND_ORGANIZATION_ROLE('creator');
#1015=ORGANIZATION('STI','lab','lab');
#1016=ORGANIZATION('STI','unknown','unknown');
#1017=ORGANIZATION('STI','unknown','unknown');
#1018=ORGANIZATION('STI','unknown','unknown');
#1019=ORGANIZATION('STI','unknown','unknown');
#1020=ORGANIZATION('STI','unknown','unknown');
#1021=ORGANIZATION('STI','unknown','unknown');
#1022=PERSON('1','Box','vc60',$,$,$);
#1023=PERSON('2','last','first',$,$,$);
#1024=PERSON('3','President','Mr.',$,$,$);
#1025=PERSON_AND_ORGANIZATION(#1022,#1015);
#1026=PERSON_AND_ORGANIZATION(#1023,#1016);
#1027=PERSON_AND_ORGANIZATION(#1024,#1017);
#1028=PERSON_AND_ORGANIZATION(#1024,#1018);
#1029=PERSON_AND_ORGANIZATION(#1024,#1019);
#1030=PERSON_AND_ORGANIZATION(#1023,#1020);
#1031=PERSON_AND_ORGANIZATION(#1024,#1021);
#1032=APPLIED_PERSON_AND_ORGANIZATION_ASSIGNMENT(#1025,#1010,(#1041));
#1033=APPLIED_PERSON_AND_ORGANIZATION_ASSIGNMENT(#1026,#1011,(#1009));
#1034=APPLIED_PERSON_AND_ORGANIZATION_ASSIGNMENT(#1026,#1012,(#1009));
#1035=APPLIED_PERSON_AND_ORGANIZATION_ASSIGNMENT(#1029,#1013,(#973));
#1036=APPLIED_PERSON_AND_ORGANIZATION_ASSIGNMENT(#1030,#1014,(#967));
#1037=PRODUCT_RELATED_PRODUCT_CATEGORY('detail','detail',(#1041));
#1038=APPLICATION_PROTOCOL_DEFINITION('International Standard',
'config_control_design',1994,#1039);
#1039=APPLICATION_CONTEXT(
'configuration controlled 3d designs of mechanical parts and assemblie
s');
#1040=PRODUCT_CONTEXT('3D Mechanical Parts',#1039,'mechanical');
#1041=PRODUCT('Document','Document','Rhino converted to STEP',(#1040));
#1042=(
LENGTH_UNIT()
NAMED_UNIT(*)
SI_UNIT(.MILLI.,.METRE.)
);
#1043=(
NAMED_UNIT(*)
PLANE_ANGLE_UNIT()
SI_UNIT($,.RADIAN.)
);
#1044=DIMENSIONAL_EXPONENTS(0.,0.,0.,0.,0.,0.,0.);
#1045=PLANE_ANGLE_MEASURE_WITH_UNIT(PLANE_ANGLE_MEASURE(0.01745329252),
#1043);
#1046=(
CONVERSION_BASED_UNIT('DEGREES',#1045)
NAMED_UNIT(#1044)
PLANE_ANGLE_UNIT()
);
#1047=(
NAMED_UNIT(*)
SI_UNIT($,.STERADIAN.)
SOLID_ANGLE_UNIT()
);
#1048=UNCERTAINTY_MEASURE_WITH_UNIT(LENGTH_MEASURE(0.001),#1042,
'DISTANCE_ACCURACY_VALUE',
'Maximum model space distance between geometric entities at asserted c
onnectivities');
#1049=(
GEOMETRIC_REPRESENTATION_CONTEXT(3)
GLOBAL_UNCERTAINTY_ASSIGNED_CONTEXT((#1048))
GLOBAL_UNIT_ASSIGNED_CONTEXT((#1047,#1046,#1042))
REPRESENTATION_CONTEXT('ID1','3D')
);
#1050=SHAPE_REPRESENTATION('Document',(#1051,#1106),#1049);
#1051=AXIS2_PLACEMENT_3D('',#1165,#1107,#1108);
#1052=AXIS2_PLACEMENT_3D('',#1166,#1109,$);
#1053=AXIS2_PLACEMENT_3D('',#1167,#1110,$);
#1054=AXIS2_PLACEMENT_3D('',#1168,#1111,$);
#1055=AXIS2_PLACEMENT_3D('',#1169,#1112,$);
#1056=AXIS2_PLACEMENT_3D('',#1170,#1113,$);
#1057=AXIS2_PLACEMENT_3D('',#1171,#1114,$);
#1058=AXIS2_PLACEMENT_3D('',#1172,#1115,$);
#1059=AXIS2_PLACEMENT_3D('',#1173,#1116,$);
#1060=AXIS2_PLACEMENT_3D('',#1174,#1117,$);
#1061=AXIS2_PLACEMENT_3D('',#1175,#1118,$);
#1062=AXIS2_PLACEMENT_3D('',#1176,#1119,$);
#1063=AXIS2_PLACEMENT_3D('',#1177,#1120,$);
#1064=AXIS2_PLACEMENT_3D('',#1178,#1121,$);
#1065=AXIS2_PLACEMENT_3D('',#1179,#1122,$);
#1066=AXIS2_PLACEMENT_3D('',#1180,#1123,$);
#1067=AXIS2_PLACEMENT_3D('',#1181,#1124,$);
#1068=AXIS2_PLACEMENT_3D('',#1182,#1125,$);
#1069=AXIS2_PLACEMENT_3D('',#1183,#1126,$);
#1070=AXIS2_PLACEMENT_3D('',#1184,#1127,$);
#1071=AXIS2_PLACEMENT_3D('',#1185,#1128,$);
#1072=AXIS2_PLACEMENT_3D('',#1186,#1129,$);
#1073=AXIS2_PLACEMENT_3D('',#1187,#1130,$);
#1074=AXIS2_PLACEMENT_3D('',#1188,#1131,$);
#1075=AXIS2_PLACEMENT_3D('',#1189,#1132,$);
#1076=AXIS2_PLACEMENT_3D('',#1190,#1133,$);
#1077=AXIS2_PLACEMENT_3D('',#1191,#1134,$);
#1078=AXIS2_PLACEMENT_3D('',#1192,#1135,$);
#1079=AXIS2_PLACEMENT_3D('',#1193,#1136,$);
#1080=AXIS2_PLACEMENT_3D('',#1194,#1137,$);
#1081=AXIS2_PLACEMENT_3D('',#1195,#1138,$);
#1082=AXIS2_PLACEMENT_3D('',#1196,#1139,$);
#1083=AXIS2_PLACEMENT_3D('',#1197,#1140,$);
#1084=AXIS2_PLACEMENT_3D('',#1198,#1141,$);
#1085=AXIS2_PLACEMENT_3D('',#1199,#1142,$);
#1086=AXIS2_PLACEMENT_3D('',#1200,#1143,$);
#1087=AXIS2_PLACEMENT_3D('',#1201,#1144,$);
#1088=AXIS2_PLACEMENT_3D('',#1202,#1145,$);
#1089=AXIS2_PLACEMENT_3D('',#1203,#1146,$);
#1090=AXIS2_PLACEMENT_3D('',#1204,#1147,$);
#1091=AXIS2_PLACEMENT_3D('',#1205,#1148,$);
#1092=AXIS2_PLACEMENT_3D('',#1206,#1149,$);
#1093=AXIS2_PLACEMENT_3D('',#1207,#1150,$);
#1094=AXIS2_PLACEMENT_3D('',#1208,#1151,$);
#1095=AXIS2_PLACEMENT_3D('',#1209,#1152,$);
#1096=AXIS2_PLACEMENT_3D('',#1210,#1153,$);
#1097=AXIS2_PLACEMENT_3D('',#1211,#1154,$);
#1098=AXIS2_PLACEMENT_3D('',#1212,#1155,$);
#1099=AXIS2_PLACEMENT_3D('',#1213,#1156,$);
#1100=AXIS2_PLACEMENT_3D('',#1214,#1157,$);
#1101=AXIS2_PLACEMENT_3D('',#1215,#1158,$);
#1102=AXIS2_PLACEMENT_3D('',#1216,#1159,$);
#1103=AXIS2_PLACEMENT_3D('',#1217,#1160,$);
#1104=AXIS2_PLACEMENT_3D('',#1218,#1161,$);
#1105=AXIS2_PLACEMENT_3D('',#1219,#1162,$);
#1106=AXIS2_PLACEMENT_3D('',#1742,#1163,#1164);
#1107=DIRECTION('',(0.,0.,1.));
#1108=DIRECTION('',(1.,0.,0.));
#1109=DIRECTION('',(0.,1.,0.));
#1110=DIRECTION('',(2.31877632799033E-12,-0.707106781186547,-0.707106781186548));
#1111=DIRECTION('',(5.28868556273597E-13,-0.987066925248208,-0.160308718044427));
#1112=DIRECTION('',(0.,0.,-1.));
#1113=DIRECTION('',(3.2891044138844E-12,0.,-1.));
#1114=DIRECTION('',(-0.70710678118656,-0.707106781186535,-2.32845074312376E-12));
#1115=DIRECTION('',(-0.707106781186532,0.707106781186563,-2.3327084279259E-12));
#1116=DIRECTION('',(-0.707106781186563,-0.707106781186531,-2.33011020768546E-12));
#1117=DIRECTION('',(0.70710678118654,-0.707106781186555,2.32816334406739E-12));
#1118=DIRECTION('',(3.29776850190272E-12,0.,-1.));
#1119=DIRECTION('',(0.70710678118657,0.707106781186525,2.32969293930294E-12));
#1120=DIRECTION('',(-3.29235344689075E-12,0.,1.));
#1121=DIRECTION('',(0.707106781186551,-0.707106781186544,2.3307129620284E-12));
#1122=DIRECTION('',(3.24820948701434E-12,2.11560530880886E-14,-1.));
#1123=DIRECTION('',(1.,0.,0.));
#1124=DIRECTION('',(-1.,0.,0.));
#1125=DIRECTION('',(3.35600833405909E-12,2.34956913660263E-14,-1.));
#1126=DIRECTION('',(-0.707106781186558,-0.707106781186537,-2.33341377947239E-12));
#1127=DIRECTION('',(-3.30101753490934E-12,0.,1.));
#1128=DIRECTION('',(-0.707106781186551,0.707106781186544,-2.32945750901277E-12));
#1129=DIRECTION('',(3.29321985569384E-12,0.,-1.));
#1130=DIRECTION('',(-0.70710678118654,-0.707106781186555,-2.33110619210958E-12));
#1131=DIRECTION('',(0.707106781186574,-0.707106781186521,2.32867317758853E-12));
#1132=DIRECTION('',(0.707106781186538,0.707106781186557,2.32998316830249E-12));
#1133=DIRECTION('',(0.707106781186566,-0.707106781186529,2.32656946211672E-12));
#1134=DIRECTION('',(3.3042665679166E-12,0.,-1.));
#1135=DIRECTION('',(0.707106781186552,0.707106781186543,2.3274693055472E-12));
#1136=DIRECTION('',(-0.707106781186552,0.707106781186543,-2.32774366414471E-12));
#1137=DIRECTION('',(1.,0.,0.));
#1138=DIRECTION('',(0.,-1.,0.));
#1139=DIRECTION('',(0.,0.,1.));
#1140=DIRECTION('',(-1.,0.,0.));
#1141=DIRECTION('',(-0.707106781186542,1.79598951117691E-13,-0.707106781186553));
#1142=DIRECTION('',(-1.,0.,0.));
#1143=DIRECTION('',(-0.707106781186543,-1.63250363391647E-13,0.707106781186552));
#1144=DIRECTION('',(-0.707106781186541,-0.707106781186554,0.));
#1145=DIRECTION('',(-1.,0.,0.));
#1146=DIRECTION('',(0.707106781186542,1.80855025084638E-13,-0.707106781186553));
#1147=DIRECTION('',(1.,0.,0.));
#1148=DIRECTION('',(0.707106781186543,-1.60757841613486E-13,0.707106781186552));
#1149=DIRECTION('',(0.707106781186541,-0.707106781186554,2.82616642563078E-15));
#1150=DIRECTION('',(1.,0.,0.));
#1151=DIRECTION('',(-5.28870781003972E-13,0.987066925248208,0.160308718044428));
#1152=DIRECTION('',(1.98485835659229E-11,-0.160308718044427,0.987066925248209));
#1153=DIRECTION('',(1.73729930324357E-7,-0.987066925248928,-0.1603087180399));
#1154=DIRECTION('',(1.98485835659229E-11,-0.160308718044427,0.987066925248209));
#1155=DIRECTION('',(1.73729930324357E-7,-0.987066925248928,-0.1603087180399));
#1156=DIRECTION('',(1.94293789263258E-12,-0.987066925248434,-0.16030871804304));
#1157=DIRECTION('',(2.40707221033185E-12,-0.987066925247909,-0.16030871804627));
#1158=DIRECTION('',(-1.73766680486003E-7,0.987066925244095,0.160308718069658));
#1159=DIRECTION('',(1.73693158697217E-7,-0.987066925244096,-0.160308718069654));
#1160=DIRECTION('',(1.,0.,0.));
#1161=DIRECTION('',(-1.,0.,0.));
#1162=DIRECTION('',(0.,0.,1.));
#1163=DIRECTION('',(0.,0.,1.));
#1164=DIRECTION('',(1.,0.,0.));
#1165=CARTESIAN_POINT('',(0.,0.,0.));
#1166=CARTESIAN_POINT('',(231.336460896526,37.0250296913727,4.56000000004378));
#1167=CARTESIAN_POINT('',(233.986209380056,30.6090946772593,3.45799333271632));
#1168=CARTESIAN_POINT('',(246.986209380079,29.4846725905551,10.3813838092312));
#1169=CARTESIAN_POINT('',(230.376374423017,22.4439575938711,-1.49999999981687));
#1170=CARTESIAN_POINT('',(244.647731748978,27.9726195683554,1.5000000001352));
#1171=CARTESIAN_POINT('',(245.566970564531,26.0634312591517,-1.4999999997668));
#1172=CARTESIAN_POINT('',(244.274722802381,24.7711834970023,-1.49999999977106));
#1173=CARTESIAN_POINT('',(244.981829583568,24.0640767158157,-1.49999999976873));
#1174=CARTESIAN_POINT('',(246.627630736311,25.7098778685584,-1.4999999997633));
#1175=CARTESIAN_POINT('',(246.274077345707,26.0634312591517,1.50000000014057));
#1176=CARTESIAN_POINT('',(245.566970564531,27.4776448215248,-1.4999999997668));
#1177=CARTESIAN_POINT('',(246.061945311351,27.9726195683553,1.50000000013987));
#1178=CARTESIAN_POINT('',(246.339762770667,29.2403865213217,-1.49999999976425));
#1179=CARTESIAN_POINT('',(245.986209380064,29.5939399119149,1.50000000013964));
#1180=CARTESIAN_POINT('',(246.486209380066,37.0250296913726,-1.49999999976377));
#1181=CARTESIAN_POINT('',(232.486209380072,29.593939911915,-1.49999999980992));
#1182=CARTESIAN_POINT('',(232.986209380062,29.5939399119149,1.5000000000968));
#1183=CARTESIAN_POINT('',(233.405448195615,28.4675943151859,-1.49999999980689));
#1184=CARTESIAN_POINT('',(232.910473448774,27.9726195683553,1.50000000009651));
#1185=CARTESIAN_POINT('',(232.344788023835,26.416984649745,-1.49999999981038));
#1186=CARTESIAN_POINT('',(232.698341414419,26.0634312591517,1.50000000009582));
#1187=CARTESIAN_POINT('',(233.990589176578,24.0640767158157,-1.49999999980496));
#1188=CARTESIAN_POINT('',(234.697695957764,24.7711834970023,-1.49999999980263));
#1189=CARTESIAN_POINT('',(233.405448195615,26.0634312591517,-1.49999999980689));
#1190=CARTESIAN_POINT('',(234.819661757988,27.4776448215248,-1.49999999980222));
#1191=CARTESIAN_POINT('',(234.324687011147,27.9726195683554,1.50000000010117));
#1192=CARTESIAN_POINT('',(233.986209380072,29.3010466931016,-1.49999999980497));
#1193=CARTESIAN_POINT('',(244.152757002158,28.4675943151859,-1.49999999977146));
#1194=CARTESIAN_POINT('',(233.986209380072,32.9726195683554,-1.49999999980497));
#1195=CARTESIAN_POINT('',(244.986209380073,32.9726195683554,-1.49999999976871));
#1196=CARTESIAN_POINT('',(230.376374422998,22.4439575938711,4.4999999999932));
#1197=CARTESIAN_POINT('',(244.986209380073,29.3010466931016,-1.49999999976871));
#1198=CARTESIAN_POINT('',(232.48620938006,37.0250296913752,-0.499999999741298));
#1199=CARTESIAN_POINT('',(231.496259886399,37.025029691375,0.489949493919873));
#1200=CARTESIAN_POINT('',(231.496259886399,37.0250296913745,2.51005050659642));
#1201=CARTESIAN_POINT('',(232.486209380045,29.5939399118498,3.50000000024097));
#1202=CARTESIAN_POINT('',(232.486209380072,29.593939911915,-1.49999999980992));
#1203=CARTESIAN_POINT('',(246.486209380046,37.0250296913752,-0.499999999741298));
#1204=CARTESIAN_POINT('',(247.476158873707,37.025029691375,0.489949493919873));
#1205=CARTESIAN_POINT('',(247.476158873707,37.0250296913745,2.51005050659642));
#1206=CARTESIAN_POINT('',(246.486209380061,29.5939399118498,3.50000000024097));
#1207=CARTESIAN_POINT('',(246.486209380066,37.0250296913726,-1.49999999976377));
#1208=CARTESIAN_POINT('',(246.986209380075,35.9006076046685,11.42339047652));
#1209=CARTESIAN_POINT('',(245.486209380054,36.0255433921182,10.6541248677831));
#1210=CARTESIAN_POINT('',(239.486211180757,26.1141682114511,7.01822161012305));
#1211=CARTESIAN_POINT('',(245.486209380054,36.0255433921182,10.6541248677831));
#1212=CARTESIAN_POINT('',(239.486211180757,26.1141682114511,7.01822161012305));
#1213=CARTESIAN_POINT('',(244.886209380058,32.9137611158852,9.54088137900141));
#1214=CARTESIAN_POINT('',(234.086209380073,32.9137611158471,9.54088137921228));
#1215=CARTESIAN_POINT('',(243.762890900607,32.913761115897,9.54088137902586));
#1216=CARTESIAN_POINT('',(235.209528988418,32.9137611158653,9.54088137919269));
#1217=CARTESIAN_POINT('',(245.486209380075,37.0250296913726,4.50000000004301));
#1218=CARTESIAN_POINT('',(233.48620938007,36.0255433920738,10.6541248680172));
#1219=CARTESIAN_POINT('',(230.376374422998,22.4439575938711,4.4999999999932));
#1220=CARTESIAN_POINT('',(233.486209380087,36.8626205234187,5.50000000000344));
#1221=CARTESIAN_POINT('',(233.486209380087,30.2774540734685,5.50000000000345));
#1222=CARTESIAN_POINT('',(232.486209380044,37.0250296913726,4.50000000000015));
#1223=CARTESIAN_POINT('',(232.486209380052,30.4398632414224,4.50000000000015));
#1224=CARTESIAN_POINT('',(245.486209380071,30.2774540734685,5.500000000043));
#1225=CARTESIAN_POINT('',(245.486209380071,36.8626205234187,5.500000000043));
#1226=CARTESIAN_POINT('',(246.486209380075,30.4398632414224,4.5000000000463));
#1227=CARTESIAN_POINT('',(246.486209380075,37.0250296913729,4.5000000000447));
#1228=CARTESIAN_POINT('',(232.486209380064,37.0250296913726,-1.49999999980992));
#1229=CARTESIAN_POINT('',(232.486209380061,37.0250296913726,-0.499999999741297));
#1230=CARTESIAN_POINT('',(231.496259886399,37.025029691375,0.489949493919873));
#1231=CARTESIAN_POINT('',(231.496259886399,37.0250296913745,2.51005050659642));
#1232=CARTESIAN_POINT('',(232.486209380048,37.0250296913726,3.50000000024276));
#1233=CARTESIAN_POINT('',(232.48620938006,37.0250296913727,4.50000000000042));
#1234=CARTESIAN_POINT('',(233.48620938009,37.0250296913726,4.50000000000345));
#1235=CARTESIAN_POINT('',(245.486209380075,37.0250296913726,4.50000000004301));
#1236=CARTESIAN_POINT('',(246.486209380065,37.0250296913728,4.50000000004523));
#1237=CARTESIAN_POINT('',(246.486209380049,37.0250296913726,3.50000000024276));
#1238=CARTESIAN_POINT('',(247.476158873707,37.0250296913745,2.51005050659642));
#1239=CARTESIAN_POINT('',(247.476158873707,37.025029691375,0.489949493919873));
#1240=CARTESIAN_POINT('',(246.486209380062,37.0250296913726,-0.499999999741297));
#1241=CARTESIAN_POINT('',(246.486209380066,37.0250296913726,-1.49999999976377));
#1242=CARTESIAN_POINT('',(233.986209380056,30.6090946772593,3.45799333271632));
#1243=CARTESIAN_POINT('',(233.986209380064,32.9726195683554,1.09446844162024));
#1244=CARTESIAN_POINT('',(244.986209380065,32.9726195683555,1.0944684416562));
#1245=CARTESIAN_POINT('',(244.986209380057,30.6090946772594,3.45799333275228));
#1246=CARTESIAN_POINT('',(233.986209380053,30.4398632414224,4.5000000000051));
#1247=CARTESIAN_POINT('',(244.986209380054,30.4398632414224,4.50000000004138));
#1248=CARTESIAN_POINT('',(243.386210509107,29.9302259064305,7.63798378144709));
#1249=CARTESIAN_POINT('',(243.762891465247,29.6096083976447,9.61211820371863));
#1250=CARTESIAN_POINT('',(244.886209380072,29.6096083780027,9.612118200506));
#1251=CARTESIAN_POINT('',(233.486209380075,29.7057936087893,9.01987804556578));
#1252=CARTESIAN_POINT('',(245.48620938006,29.7057936088293,9.01987804535905));
#1253=CARTESIAN_POINT('',(243.192667457145,29.7357178777749,8.83562558409211));
#1254=CARTESIAN_POINT('',(235.779753561119,29.7357179363281,8.83562559375032));
#1255=CARTESIAN_POINT('',(234.086209380087,29.6096083779627,9.61211820071668));
#1256=CARTESIAN_POINT('',(235.209529553047,29.6096083779668,9.61211820069477));
#1257=CARTESIAN_POINT('',(245.486209380071,30.2774540734685,5.500000000043));
#1258=CARTESIAN_POINT('',(246.486209380064,30.4398632414224,4.5000000000463));
#1259=CARTESIAN_POINT('',(233.486209380087,30.2774540734685,5.50000000000345));
#1260=CARTESIAN_POINT('',(232.486209380061,30.4398632414224,4.50000000000015));
#1261=CARTESIAN_POINT('',(244.152757002158,28.4675943151859,-1.49999999977146));
#1262=CARTESIAN_POINT('',(244.152757002158,27.4776448215248,-1.49999999977146));
#1263=CARTESIAN_POINT('',(245.566970564531,26.0634312591517,-1.4999999997668));
#1264=CARTESIAN_POINT('',(244.274722802381,24.7711834970023,-1.49999999977106));
#1265=CARTESIAN_POINT('',(244.981829583568,24.0640767158157,-1.49999999976873));
#1266=CARTESIAN_POINT('',(246.627630736311,25.7098778685584,-1.4999999997633));
#1267=CARTESIAN_POINT('',(246.627630736311,26.416984649745,-1.4999999997633));
#1268=CARTESIAN_POINT('',(245.566970564531,27.4776448215248,-1.4999999997668));
#1269=CARTESIAN_POINT('',(245.566970564531,28.4675943151859,-1.4999999997668));
#1270=CARTESIAN_POINT('',(246.339762770667,29.2403865213217,-1.49999999976425));
#1271=CARTESIAN_POINT('',(246.486209380073,29.593939911915,-1.49999999976377));
#1272=CARTESIAN_POINT('',(232.486209380072,29.593939911915,-1.49999999980992));
#1273=CARTESIAN_POINT('',(232.632655989479,29.2403865213217,-1.49999999980943));
#1274=CARTESIAN_POINT('',(233.405448195615,28.4675943151859,-1.49999999980689));
#1275=CARTESIAN_POINT('',(233.405448195615,27.4776448215248,-1.49999999980689));
#1276=CARTESIAN_POINT('',(232.344788023835,26.416984649745,-1.49999999981038));
#1277=CARTESIAN_POINT('',(232.344788023835,25.7098778685584,-1.49999999981038));
#1278=CARTESIAN_POINT('',(233.990589176578,24.0640767158157,-1.49999999980496));
#1279=CARTESIAN_POINT('',(234.697695957764,24.7711834970023,-1.49999999980263));
#1280=CARTESIAN_POINT('',(233.405448195615,26.0634312591517,-1.49999999980689));
#1281=CARTESIAN_POINT('',(234.819661757988,27.4776448215248,-1.49999999980222));
#1282=CARTESIAN_POINT('',(234.819661757988,28.4675943151859,-1.49999999980222));
#1283=CARTESIAN_POINT('',(233.986209380072,29.3010466931016,-1.49999999980497));
#1284=CARTESIAN_POINT('',(233.986209380072,32.9726195683554,-1.49999999980497));
#1285=CARTESIAN_POINT('',(244.986209380073,32.9726195683554,-1.49999999976871));
#1286=CARTESIAN_POINT('',(244.986209380073,29.3010466931016,-1.49999999976871));
#1287=CARTESIAN_POINT('',(244.152757002138,28.4675943151859,4.50000000003861));
#1288=CARTESIAN_POINT('',(244.152757002138,27.4776448215248,4.50000000003861));
#1289=CARTESIAN_POINT('',(245.566970564511,26.0634312591517,4.50000000004327));
#1290=CARTESIAN_POINT('',(244.274722802362,24.7711834970023,4.50000000003901));
#1291=CARTESIAN_POINT('',(244.981829583548,24.0640767158157,4.50000000004134));
#1292=CARTESIAN_POINT('',(246.627630736291,25.7098778685584,4.50000000004677));
#1293=CARTESIAN_POINT('',(246.627630736291,26.416984649745,4.50000000004677));
#1294=CARTESIAN_POINT('',(245.566970564511,27.4776448215248,4.50000000004327));
#1295=CARTESIAN_POINT('',(245.566970564511,28.4675943151859,4.50000000004327));
#1296=CARTESIAN_POINT('',(246.339762770647,29.2403865213217,4.50000000004582));
#1297=CARTESIAN_POINT('',(246.486209380054,29.593939911915,4.5000000000463));
#1298=CARTESIAN_POINT('',(246.486209380057,29.593939911915,3.50000000024097));
#1299=CARTESIAN_POINT('',(246.48620938007,29.593939911915,-0.499999999743093));
#1300=CARTESIAN_POINT('',(232.486209380069,29.593939911915,-0.499999999743093));
#1301=CARTESIAN_POINT('',(232.486209380053,29.593939911915,4.50000000000015));
#1302=CARTESIAN_POINT('',(232.632655989459,29.2403865213217,4.50000000000063));
#1303=CARTESIAN_POINT('',(232.486209380056,29.593939911915,3.50000000024097));
#1304=CARTESIAN_POINT('',(233.405448195595,28.4675943151859,4.50000000000318));
#1305=CARTESIAN_POINT('',(233.405448195595,27.4776448215248,4.50000000000318));
#1306=CARTESIAN_POINT('',(232.344788023815,26.416984649745,4.49999999999969));
#1307=CARTESIAN_POINT('',(232.344788023815,25.7098778685584,4.49999999999969));
#1308=CARTESIAN_POINT('',(233.990589176558,24.0640767158157,4.50000000000511));
#1309=CARTESIAN_POINT('',(234.697695957745,24.7711834970023,4.50000000000744));
#1310=CARTESIAN_POINT('',(233.405448195595,26.0634312591517,4.50000000000318));
#1311=CARTESIAN_POINT('',(234.819661757968,27.4776448215248,4.50000000000784));
#1312=CARTESIAN_POINT('',(234.819661757968,28.4675943151859,4.50000000000784));
#1313=CARTESIAN_POINT('',(233.986209380053,29.3010466931016,4.5000000000051));
#1314=CARTESIAN_POINT('',(244.986209380054,29.3010466931016,4.50000000004136));
#1315=CARTESIAN_POINT('',(231.496259886399,30.5838894054962,0.489949493918311));
#1316=CARTESIAN_POINT('',(231.496259886399,30.5838894054962,2.51005050659487));
#1317=CARTESIAN_POINT('',(247.476158873707,30.5838894054962,0.489949493918311));
#1318=CARTESIAN_POINT('',(247.476158873707,30.5838894054962,2.51005050659487));
#1319=CARTESIAN_POINT('',(243.386209379863,36.3461615894705,8.6799905573455));
#1320=CARTESIAN_POINT('',(245.486209380056,36.1217286229427,10.0618847126478));
#1321=CARTESIAN_POINT('',(243.762890335992,36.0255435040739,10.6541248860004));
#1322=CARTESIAN_POINT('',(244.886209380068,36.0255434310973,10.6541248741257));
#1323=CARTESIAN_POINT('',(233.486209380072,36.1217286229027,10.0618847128546));
#1324=CARTESIAN_POINT('',(243.192666208498,36.1516531578974,9.87763225910331));
#1325=CARTESIAN_POINT('',(234.086209380084,36.0255433531149,10.6541248616778));
#1326=CARTESIAN_POINT('',(235.209528423812,36.0255431335303,10.6541248259927));
#1327=CARTESIAN_POINT('',(235.779752551276,36.1516526034589,9.87763216920695));
#1328=CARTESIAN_POINT('',(245.486209380071,36.8626205234187,5.500000000043));
#1329=CARTESIAN_POINT('',(233.486209380087,36.8626205234187,5.50000000000344));
#1330=CARTESIAN_POINT('',(232.486209380064,37.0250296913726,-1.49999999980992));
#1331=CARTESIAN_POINT('',(232.486209380061,37.0250296913726,-0.499999999741297));
#1332=CARTESIAN_POINT('',(231.496259886399,37.025029691375,0.489949493919873));
#1333=CARTESIAN_POINT('',(231.496259886399,37.0250296913745,2.51005050659642));
#1334=CARTESIAN_POINT('',(232.486209380048,37.0250296913726,3.50000000024276));
#1335=CARTESIAN_POINT('',(232.48620938006,37.0250296913727,4.50000000000042));
#1336=CARTESIAN_POINT('',(232.48620938006,37.0250296913727,4.50000000000042));
#1337=CARTESIAN_POINT('',(233.48620938009,37.0250296913726,4.50000000000345));
#1338=CARTESIAN_POINT('',(233.48620938009,37.0250296913726,4.50000000000345));
#1339=CARTESIAN_POINT('',(245.486209380075,37.0250296913726,4.50000000004301));
#1340=CARTESIAN_POINT('',(245.486209380075,37.0250296913726,4.50000000004301));
#1341=CARTESIAN_POINT('',(246.486209380065,37.0250296913728,4.50000000004523));
#1342=CARTESIAN_POINT('',(246.486209380065,37.0250296913728,4.50000000004523));
#1343=CARTESIAN_POINT('',(246.486209380049,37.0250296913726,3.50000000024276));
#1344=CARTESIAN_POINT('',(247.476158873707,37.0250296913745,2.51005050659642));
#1345=CARTESIAN_POINT('',(247.476158873707,37.025029691375,0.489949493919873));
#1346=CARTESIAN_POINT('',(246.486209380062,37.0250296913726,-0.499999999741297));
#1347=CARTESIAN_POINT('',(246.486209380066,37.0250296913726,-1.49999999976377));
#1348=CARTESIAN_POINT('',(246.486209380066,37.0250296913726,-1.49999999976377));
#1349=CARTESIAN_POINT('',(239.486209380065,37.0250296913726,-1.49999999978684));
#1350=CARTESIAN_POINT('',(232.486209380064,37.0250296913726,-1.49999999980992));
#1351=CARTESIAN_POINT('',(233.986209380056,30.6090946772593,3.45799333271632));
#1352=CARTESIAN_POINT('',(233.986209380064,32.9726195683554,1.09446844162024));
#1353=CARTESIAN_POINT('',(233.986209380064,32.9726195683554,1.09446844162024));
#1354=CARTESIAN_POINT('',(244.986209380065,32.9726195683555,1.0944684416562));
#1355=CARTESIAN_POINT('',(244.986209380057,30.6090946772594,3.45799333275228));
#1356=CARTESIAN_POINT('',(244.986209380065,32.9726195683555,1.0944684416562));
#1357=CARTESIAN_POINT('',(233.986209380056,30.6090946772593,3.45799333271632));
#1358=CARTESIAN_POINT('',(244.986209380057,30.6090946772594,3.45799333275228));
#1359=CARTESIAN_POINT('',(233.986209380056,30.6090946772593,3.45799333271632));
#1360=CARTESIAN_POINT('',(233.986209380053,30.4398632414224,4.5000000000051));
#1361=CARTESIAN_POINT('',(244.986209380054,30.4398632414224,4.50000000004138));
#1362=CARTESIAN_POINT('',(244.986209380057,30.6090946772594,3.45799333275228));
#1363=CARTESIAN_POINT('',(243.386210509107,29.9302259064305,7.63798378144709));
#1364=CARTESIAN_POINT('',(243.386210432604,30.0123288651566,7.13245222691141));
#1365=CARTESIAN_POINT('',(243.285333881808,30.0936278729529,6.63187083290685));
#1366=CARTESIAN_POINT('',(242.89334705,30.245334352143,5.69777037625803));
#1367=CARTESIAN_POINT('',(242.606075090042,30.3142563191866,5.27339799145519));
#1368=CARTESIAN_POINT('',(241.881778020873,30.4303674238584,4.55846851424743));
#1369=CARTESIAN_POINT('',(241.451845203351,30.4764196055914,4.27491198639715));
#1370=CARTESIAN_POINT('',(240.505505560445,30.5392584725103,3.88799502128833));
#1371=CARTESIAN_POINT('',(239.998365258573,30.5554298417561,3.78842326113173));
#1372=CARTESIAN_POINT('',(239.486209966342,30.5554298324392,3.78842333472665));
#1373=CARTESIAN_POINT('',(238.974054674111,30.5554298231224,3.78842340832158));
#1374=CARTESIAN_POINT('',(238.466914402376,30.5392584354254,3.88799531422676));
#1375=CARTESIAN_POINT('',(237.520574876577,30.4764195340761,4.27491255130695));
#1376=CARTESIAN_POINT('',(237.090642144877,30.4303673367014,4.55846920271705));
#1377=CARTESIAN_POINT('',(236.366345292091,30.3142562056775,5.2733988880831));
#1378=CARTESIAN_POINT('',(236.079073460577,30.2453342281818,5.69777135544483));
#1379=CARTESIAN_POINT('',(235.687086911487,30.0936277347301,6.63187192474864));
#1380=CARTESIAN_POINT('',(235.586210512199,30.0123287232637,7.13245334774393));
#1381=CARTESIAN_POINT('',(235.586210588702,29.9302257645375,7.63798490227984));
#1382=CARTESIAN_POINT('',(235.586210650559,29.8638409302098,8.04673543960507));
#1383=CARTESIAN_POINT('',(235.652141561666,29.7982110536019,8.45083748280579));
#1384=CARTESIAN_POINT('',(235.779753561119,29.7357179363281,8.83562559375032));
#1385=CARTESIAN_POINT('',(244.886209380072,29.6096083780027,9.612118200506));
#1386=CARTESIAN_POINT('',(243.762891465247,29.6096083976447,9.61211820371863));
#1387=CARTESIAN_POINT('',(233.486209380075,29.7057936087893,9.01987804556578));
#1388=CARTESIAN_POINT('',(233.486209380087,30.2774540734685,5.50000000000345));
#1389=CARTESIAN_POINT('',(243.192667457145,29.7357178777749,8.83562558409211));
#1390=CARTESIAN_POINT('',(243.320279602596,29.798211058205,8.45083712276266));
#1391=CARTESIAN_POINT('',(243.386210543799,29.8638410039518,8.04673469535647));
#1392=CARTESIAN_POINT('',(243.386210509107,29.9302259064305,7.63798378144709));
#1393=CARTESIAN_POINT('',(235.209529553047,29.6096083779668,9.61211820069477));
#1394=CARTESIAN_POINT('',(234.086209380087,29.6096083779627,9.61211820071668));
#1395=CARTESIAN_POINT('',(245.48620938006,29.7057936088293,9.01987804535905));
#1396=CARTESIAN_POINT('',(245.486209380058,29.6096083780057,9.61211820049444));
#1397=CARTESIAN_POINT('',(244.886209380072,29.6096083780027,9.612118200506));
#1398=CARTESIAN_POINT('',(234.086209380087,29.6096083779627,9.61211820071668));
#1399=CARTESIAN_POINT('',(233.486209380073,29.6096083779594,9.61211820072824));
#1400=CARTESIAN_POINT('',(233.486209380075,29.7057936087893,9.01987804556578));
#1401=CARTESIAN_POINT('',(243.762891465247,29.6096083976447,9.61211820371863));
#1402=CARTESIAN_POINT('',(242.935146823788,29.6096082822041,9.61211820272463));
#1403=CARTESIAN_POINT('',(243.192667457145,29.7357178777749,8.83562558409211));
#1404=CARTESIAN_POINT('',(235.779753561119,29.7357179363281,8.83562559375032));
#1405=CARTESIAN_POINT('',(236.037274194506,29.6096084877498,9.61211823624563));
#1406=CARTESIAN_POINT('',(235.209529553047,29.6096083779668,9.61211820069477));
#1407=CARTESIAN_POINT('',(245.486209380071,30.2774540734685,5.500000000043));
#1408=CARTESIAN_POINT('',(245.48620938006,29.7057936088293,9.01987804535905));
#1409=CARTESIAN_POINT('',(246.486209380073,29.593939911915,-1.49999999976377));
#1410=CARTESIAN_POINT('',(246.486209380069,33.3094848016438,-1.49999999976377));
#1411=CARTESIAN_POINT('',(246.486209380066,37.0250296913726,-1.49999999976377));
#1412=CARTESIAN_POINT('',(232.486209380064,37.0250296913726,-1.49999999980992));
#1413=CARTESIAN_POINT('',(232.486209380068,33.3094848016438,-1.49999999980992));
#1414=CARTESIAN_POINT('',(232.486209380072,29.593939911915,-1.49999999980992));
#1415=CARTESIAN_POINT('',(233.986209380072,29.3010466931016,-1.49999999980497));
#1416=CARTESIAN_POINT('',(233.986209380072,31.1368331307285,-1.49999999980497));
#1417=CARTESIAN_POINT('',(233.986209380072,32.9726195683554,-1.49999999980497));
#1418=CARTESIAN_POINT('',(233.986209380072,32.9726195683554,-1.49999999980497));
#1419=CARTESIAN_POINT('',(239.486209380073,32.9726195683554,-1.49999999978684));
#1420=CARTESIAN_POINT('',(244.986209380073,32.9726195683554,-1.49999999976871));
#1421=CARTESIAN_POINT('',(244.986209380073,32.9726195683554,-1.49999999976871));
#1422=CARTESIAN_POINT('',(244.986209380073,31.1368331307285,-1.49999999976871));
#1423=CARTESIAN_POINT('',(244.986209380073,29.3010466931016,-1.49999999976871));
#1424=CARTESIAN_POINT('',(244.152757002158,28.4675943151859,-1.49999999977146));
#1425=CARTESIAN_POINT('',(243.657782255327,27.9726195683554,-1.49999999977309));
#1426=CARTESIAN_POINT('',(244.152757002158,27.4776448215248,-1.49999999977146));
#1427=CARTESIAN_POINT('',(244.152757002158,28.4675943151859,-1.49999999977146));
#1428=CARTESIAN_POINT('',(244.152757002138,28.4675943151859,4.50000000003861));
#1429=CARTESIAN_POINT('',(244.152757002138,28.4675943151859,4.50000000003861));
#1430=CARTESIAN_POINT('',(243.657782255307,27.9726195683554,4.50000000003698));
#1431=CARTESIAN_POINT('',(244.152757002138,27.4776448215248,4.50000000003861));
#1432=CARTESIAN_POINT('',(244.152757002138,27.4776448215248,4.50000000003861));
#1433=CARTESIAN_POINT('',(244.152757002158,27.4776448215248,-1.49999999977146));
#1434=CARTESIAN_POINT('',(244.152757002158,27.4776448215248,-1.49999999977146));
#1435=CARTESIAN_POINT('',(244.859863783344,26.7705380403382,-1.49999999976913));
#1436=CARTESIAN_POINT('',(245.566970564531,26.0634312591517,-1.4999999997668));
#1437=CARTESIAN_POINT('',(244.152757002138,27.4776448215248,4.50000000003861));
#1438=CARTESIAN_POINT('',(244.859863783324,26.7705380403382,4.50000000004094));
#1439=CARTESIAN_POINT('',(245.566970564511,26.0634312591517,4.50000000004327));
#1440=CARTESIAN_POINT('',(245.566970564511,26.0634312591517,4.50000000004327));
#1441=CARTESIAN_POINT('',(245.566970564531,26.0634312591517,-1.4999999997668));
#1442=CARTESIAN_POINT('',(245.566970564531,26.0634312591517,-1.4999999997668));
#1443=CARTESIAN_POINT('',(244.920846683456,25.417307378077,-1.49999999976892));
#1444=CARTESIAN_POINT('',(244.274722802381,24.7711834970023,-1.49999999977106));
#1445=CARTESIAN_POINT('',(245.566970564511,26.0634312591517,4.50000000004327));
#1446=CARTESIAN_POINT('',(244.920846683436,25.417307378077,4.50000000004114));
#1447=CARTESIAN_POINT('',(244.274722802362,24.7711834970023,4.50000000003901));
#1448=CARTESIAN_POINT('',(244.274722802362,24.7711834970023,4.50000000003901));
#1449=CARTESIAN_POINT('',(244.274722802381,24.7711834970023,-1.49999999977106));
#1450=CARTESIAN_POINT('',(244.274722802381,24.7711834970023,-1.49999999977106));
#1451=CARTESIAN_POINT('',(244.628276192975,24.417630106409,-1.49999999976989));
#1452=CARTESIAN_POINT('',(244.981829583568,24.0640767158157,-1.49999999976873));
#1453=CARTESIAN_POINT('',(244.274722802362,24.7711834970023,4.50000000003901));
#1454=CARTESIAN_POINT('',(244.628276192955,24.417630106409,4.50000000004018));
#1455=CARTESIAN_POINT('',(244.981829583548,24.0640767158157,4.50000000004134));
#1456=CARTESIAN_POINT('',(244.981829583548,24.0640767158157,4.50000000004134));
#1457=CARTESIAN_POINT('',(244.981829583568,24.0640767158157,-1.49999999976873));
#1458=CARTESIAN_POINT('',(244.981829583568,24.0640767158157,-1.49999999976873));
#1459=CARTESIAN_POINT('',(245.804730159939,24.8869772921871,-1.49999999976601));
#1460=CARTESIAN_POINT('',(246.627630736311,25.7098778685584,-1.4999999997633));
#1461=CARTESIAN_POINT('',(244.981829583548,24.0640767158157,4.50000000004134));
#1462=CARTESIAN_POINT('',(245.804730159919,24.8869772921871,4.50000000004406));
#1463=CARTESIAN_POINT('',(246.627630736291,25.7098778685584,4.50000000004677));
#1464=CARTESIAN_POINT('',(246.627630736291,25.7098778685584,4.50000000004677));
#1465=CARTESIAN_POINT('',(246.627630736311,25.7098778685584,-1.4999999997633));
#1466=CARTESIAN_POINT('',(246.627630736311,25.7098778685584,-1.4999999997633));
#1467=CARTESIAN_POINT('',(246.981184126904,26.0634312591517,-1.49999999976213));
#1468=CARTESIAN_POINT('',(246.627630736311,26.416984649745,-1.4999999997633));
#1469=CARTESIAN_POINT('',(246.627630736291,25.7098778685584,4.50000000004677));
#1470=CARTESIAN_POINT('',(246.981184126884,26.0634312591517,4.50000000004793));
#1471=CARTESIAN_POINT('',(246.627630736291,26.416984649745,4.50000000004677));
#1472=CARTESIAN_POINT('',(246.627630736291,26.416984649745,4.50000000004677));
#1473=CARTESIAN_POINT('',(246.627630736311,26.416984649745,-1.4999999997633));
#1474=CARTESIAN_POINT('',(246.627630736311,26.416984649745,-1.4999999997633));
#1475=CARTESIAN_POINT('',(246.097300650421,26.9473147356348,-1.49999999976505));
#1476=CARTESIAN_POINT('',(245.566970564531,27.4776448215248,-1.4999999997668));
#1477=CARTESIAN_POINT('',(246.627630736291,26.416984649745,4.50000000004677));
#1478=CARTESIAN_POINT('',(246.097300650401,26.9473147356348,4.50000000004502));
#1479=CARTESIAN_POINT('',(245.566970564511,27.4776448215248,4.50000000004327));
#1480=CARTESIAN_POINT('',(245.566970564511,27.4776448215248,4.50000000004327));
#1481=CARTESIAN_POINT('',(245.566970564531,27.4776448215248,-1.4999999997668));
#1482=CARTESIAN_POINT('',(245.566970564531,27.4776448215248,-1.4999999997668));
#1483=CARTESIAN_POINT('',(245.0719958177,27.9726195683554,-1.49999999976843));
#1484=CARTESIAN_POINT('',(245.566970564531,28.4675943151859,-1.4999999997668));
#1485=CARTESIAN_POINT('',(245.566970564511,27.4776448215248,4.50000000004327));
#1486=CARTESIAN_POINT('',(245.07199581768,27.9726195683554,4.50000000004164));
#1487=CARTESIAN_POINT('',(245.566970564511,28.4675943151859,4.50000000004327));
#1488=CARTESIAN_POINT('',(245.566970564511,28.4675943151859,4.50000000004327));
#1489=CARTESIAN_POINT('',(245.566970564531,28.4675943151859,-1.4999999997668));
#1490=CARTESIAN_POINT('',(245.566970564531,28.4675943151859,-1.4999999997668));
#1491=CARTESIAN_POINT('',(245.953366667599,28.8539904182538,-1.49999999976552));
#1492=CARTESIAN_POINT('',(246.339762770667,29.2403865213217,-1.49999999976425));
#1493=CARTESIAN_POINT('',(245.566970564511,28.4675943151859,4.50000000004327));
#1494=CARTESIAN_POINT('',(245.953366667579,28.8539904182538,4.50000000004455));
#1495=CARTESIAN_POINT('',(246.339762770647,29.2403865213217,4.50000000004582));
#1496=CARTESIAN_POINT('',(246.339762770647,29.2403865213217,4.50000000004582));
#1497=CARTESIAN_POINT('',(246.339762770667,29.2403865213217,-1.49999999976425));
#1498=CARTESIAN_POINT('',(246.339762770667,29.2403865213217,-1.49999999976425));
#1499=CARTESIAN_POINT('',(246.486209380073,29.3868331307284,-1.49999999976377));
#1500=CARTESIAN_POINT('',(246.486209380073,29.593939911915,-1.49999999976377));
#1501=CARTESIAN_POINT('',(246.339762770647,29.2403865213217,4.50000000004582));
#1502=CARTESIAN_POINT('',(246.486209380054,29.3868331307285,4.5000000000463));
#1503=CARTESIAN_POINT('',(246.486209380054,29.593939911915,4.5000000000463));
#1504=CARTESIAN_POINT('',(246.486209380054,29.593939911915,4.5000000000463));
#1505=CARTESIAN_POINT('',(246.486209380057,29.593939911915,3.50000000024097));
#1506=CARTESIAN_POINT('',(246.48620938007,29.593939911915,-0.499999999743093));
#1507=CARTESIAN_POINT('',(246.486209380073,29.593939911915,-1.49999999976377));
#1508=CARTESIAN_POINT('',(246.486209380057,29.593939911915,3.50000000024097));
#1509=CARTESIAN_POINT('',(246.48620938007,29.593939911915,-0.499999999743093));
#1510=CARTESIAN_POINT('',(246.486209380054,29.593939911915,4.5000000000463));
#1511=CARTESIAN_POINT('',(246.486209380059,30.0169015766687,4.5000000000463));
#1512=CARTESIAN_POINT('',(246.486209380064,30.4398632414224,4.5000000000463));
#1513=CARTESIAN_POINT('',(246.486209380049,37.0250296913726,3.50000000024276));
#1514=CARTESIAN_POINT('',(246.486209380057,29.593939911915,3.50000000024097));
#1515=CARTESIAN_POINT('',(232.486209380061,37.0250296913726,-0.499999999741297));
#1516=CARTESIAN_POINT('',(232.486209380069,29.593939911915,-0.499999999743093));
#1517=CARTESIAN_POINT('',(232.486209380069,29.593939911915,-0.499999999743093));
#1518=CARTESIAN_POINT('',(232.486209380072,29.593939911915,-1.49999999980992));
#1519=CARTESIAN_POINT('',(232.486209380072,29.593939911915,-1.49999999980992));
#1520=CARTESIAN_POINT('',(232.486209380072,29.3868331307285,-1.49999999980992));
#1521=CARTESIAN_POINT('',(232.632655989479,29.2403865213217,-1.49999999980943));
#1522=CARTESIAN_POINT('',(232.486209380053,29.593939911915,4.50000000000015));
#1523=CARTESIAN_POINT('',(232.486209380056,29.593939911915,3.50000000024097));
#1524=CARTESIAN_POINT('',(232.486209380053,29.593939911915,4.50000000000015));
#1525=CARTESIAN_POINT('',(232.486209380053,29.3868331307285,4.50000000000015));
#1526=CARTESIAN_POINT('',(232.632655989459,29.2403865213217,4.50000000000063));
#1527=CARTESIAN_POINT('',(232.632655989459,29.2403865213217,4.50000000000063));
#1528=CARTESIAN_POINT('',(232.632655989479,29.2403865213217,-1.49999999980943));
#1529=CARTESIAN_POINT('',(232.486209380056,29.593939911915,3.50000000024097));
#1530=CARTESIAN_POINT('',(232.486209380069,29.593939911915,-0.499999999743093));
#1531=CARTESIAN_POINT('',(232.632655989479,29.2403865213217,-1.49999999980943));
#1532=CARTESIAN_POINT('',(233.019052092547,28.8539904182538,-1.49999999980816));
#1533=CARTESIAN_POINT('',(233.405448195615,28.4675943151859,-1.49999999980689));
#1534=CARTESIAN_POINT('',(232.632655989459,29.2403865213217,4.50000000000063));
#1535=CARTESIAN_POINT('',(233.019052092527,28.8539904182538,4.50000000000191));
#1536=CARTESIAN_POINT('',(233.405448195595,28.4675943151859,4.50000000000318));
#1537=CARTESIAN_POINT('',(233.405448195595,28.4675943151859,4.50000000000318));
#1538=CARTESIAN_POINT('',(233.405448195615,28.4675943151859,-1.49999999980689));
#1539=CARTESIAN_POINT('',(233.405448195615,28.4675943151859,-1.49999999980689));
#1540=CARTESIAN_POINT('',(233.900422942445,27.9726195683553,-1.49999999980525));
#1541=CARTESIAN_POINT('',(233.405448195615,27.4776448215248,-1.49999999980689));
#1542=CARTESIAN_POINT('',(233.405448195595,28.4675943151859,4.50000000000318));
#1543=CARTESIAN_POINT('',(233.900422942426,27.9726195683553,4.50000000000482));
#1544=CARTESIAN_POINT('',(233.405448195595,27.4776448215248,4.50000000000318));
#1545=CARTESIAN_POINT('',(233.405448195595,27.4776448215248,4.50000000000318));
#1546=CARTESIAN_POINT('',(233.405448195615,27.4776448215248,-1.49999999980689));
#1547=CARTESIAN_POINT('',(233.405448195615,27.4776448215248,-1.49999999980689));
#1548=CARTESIAN_POINT('',(232.875118109725,26.9473147356348,-1.49999999980863));
#1549=CARTESIAN_POINT('',(232.344788023835,26.416984649745,-1.49999999981038));
#1550=CARTESIAN_POINT('',(233.405448195595,27.4776448215248,4.50000000000318));
#1551=CARTESIAN_POINT('',(232.875118109705,26.9473147356348,4.50000000000143));
#1552=CARTESIAN_POINT('',(232.344788023815,26.416984649745,4.49999999999969));
#1553=CARTESIAN_POINT('',(232.344788023815,26.416984649745,4.49999999999969));
#1554=CARTESIAN_POINT('',(232.344788023835,26.416984649745,-1.49999999981038));
#1555=CARTESIAN_POINT('',(232.344788023835,26.416984649745,-1.49999999981038));
#1556=CARTESIAN_POINT('',(231.991234633242,26.0634312591517,-1.49999999981155));
#1557=CARTESIAN_POINT('',(232.344788023835,25.7098778685584,-1.49999999981038));
#1558=CARTESIAN_POINT('',(232.344788023815,26.416984649745,4.49999999999969));
#1559=CARTESIAN_POINT('',(231.991234633222,26.0634312591517,4.49999999999852));
#1560=CARTESIAN_POINT('',(232.344788023815,25.7098778685584,4.49999999999969));
#1561=CARTESIAN_POINT('',(232.344788023815,25.7098778685584,4.49999999999969));
#1562=CARTESIAN_POINT('',(232.344788023835,25.7098778685584,-1.49999999981038));
#1563=CARTESIAN_POINT('',(232.344788023835,25.7098778685584,-1.49999999981038));
#1564=CARTESIAN_POINT('',(233.167688600206,24.8869772921871,-1.49999999980767));
#1565=CARTESIAN_POINT('',(233.990589176578,24.0640767158157,-1.49999999980496));
#1566=CARTESIAN_POINT('',(232.344788023815,25.7098778685584,4.49999999999969));
#1567=CARTESIAN_POINT('',(233.167688600187,24.8869772921871,4.5000000000024));
#1568=CARTESIAN_POINT('',(233.990589176558,24.0640767158157,4.50000000000511));
#1569=CARTESIAN_POINT('',(233.990589176558,24.0640767158157,4.50000000000511));
#1570=CARTESIAN_POINT('',(233.990589176578,24.0640767158157,-1.49999999980496));
#1571=CARTESIAN_POINT('',(233.990589176578,24.0640767158157,-1.49999999980496));
#1572=CARTESIAN_POINT('',(234.344142567171,24.417630106409,-1.49999999980379));
#1573=CARTESIAN_POINT('',(234.697695957764,24.7711834970023,-1.49999999980263));
#1574=CARTESIAN_POINT('',(233.990589176558,24.0640767158157,4.50000000000511));
#1575=CARTESIAN_POINT('',(234.344142567151,24.417630106409,4.50000000000628));
#1576=CARTESIAN_POINT('',(234.697695957745,24.7711834970023,4.50000000000744));
#1577=CARTESIAN_POINT('',(234.697695957745,24.7711834970023,4.50000000000744));
#1578=CARTESIAN_POINT('',(234.697695957764,24.7711834970023,-1.49999999980263));
#1579=CARTESIAN_POINT('',(234.697695957764,24.7711834970023,-1.49999999980263));
#1580=CARTESIAN_POINT('',(234.05157207669,25.417307378077,-1.49999999980475));
#1581=CARTESIAN_POINT('',(233.405448195615,26.0634312591517,-1.49999999980689));
#1582=CARTESIAN_POINT('',(234.697695957745,24.7711834970023,4.50000000000744));
#1583=CARTESIAN_POINT('',(234.05157207667,25.417307378077,4.50000000000531));
#1584=CARTESIAN_POINT('',(233.405448195595,26.0634312591517,4.50000000000318));
#1585=CARTESIAN_POINT('',(233.405448195595,26.0634312591517,4.50000000000318));
#1586=CARTESIAN_POINT('',(233.405448195615,26.0634312591517,-1.49999999980689));
#1587=CARTESIAN_POINT('',(233.405448195615,26.0634312591517,-1.49999999980689));
#1588=CARTESIAN_POINT('',(234.112554976802,26.7705380403382,-1.49999999980455));
#1589=CARTESIAN_POINT('',(234.819661757988,27.4776448215248,-1.49999999980222));
#1590=CARTESIAN_POINT('',(233.405448195595,26.0634312591517,4.50000000000318));
#1591=CARTESIAN_POINT('',(234.112554976782,26.7705380403382,4.50000000000551));
#1592=CARTESIAN_POINT('',(234.819661757968,27.4776448215248,4.50000000000784));
#1593=CARTESIAN_POINT('',(234.819661757968,27.4776448215248,4.50000000000784));
#1594=CARTESIAN_POINT('',(234.819661757988,27.4776448215248,-1.49999999980222));
#1595=CARTESIAN_POINT('',(234.819661757988,27.4776448215248,-1.49999999980222));
#1596=CARTESIAN_POINT('',(235.314636504819,27.9726195683554,-1.49999999980059));
#1597=CARTESIAN_POINT('',(234.819661757988,28.4675943151859,-1.49999999980222));
#1598=CARTESIAN_POINT('',(234.819661757968,27.4776448215248,4.50000000000784));
#1599=CARTESIAN_POINT('',(235.314636504799,27.9726195683554,4.50000000000948));
#1600=CARTESIAN_POINT('',(234.819661757968,28.4675943151859,4.50000000000784));
#1601=CARTESIAN_POINT('',(234.819661757968,28.4675943151859,4.50000000000784));
#1602=CARTESIAN_POINT('',(234.819661757988,28.4675943151859,-1.49999999980222));
#1603=CARTESIAN_POINT('',(234.819661757988,28.4675943151859,-1.49999999980222));
#1604=CARTESIAN_POINT('',(234.40293556903,28.8843205041437,-1.4999999998036));
#1605=CARTESIAN_POINT('',(233.986209380072,29.3010466931016,-1.49999999980497));
#1606=CARTESIAN_POINT('',(234.819661757968,28.4675943151859,4.50000000000784));
#1607=CARTESIAN_POINT('',(234.40293556901,28.8843205041437,4.50000000000647));
#1608=CARTESIAN_POINT('',(233.986209380053,29.3010466931016,4.5000000000051));
#1609=CARTESIAN_POINT('',(233.986209380053,29.3010466931016,4.5000000000051));
#1610=CARTESIAN_POINT('',(233.986209380072,29.3010466931016,-1.49999999980497));
#1611=CARTESIAN_POINT('',(244.986209380073,29.3010466931016,-1.49999999976871));
#1612=CARTESIAN_POINT('',(244.569483191116,28.8843205041437,-1.49999999977008));
#1613=CARTESIAN_POINT('',(244.152757002158,28.4675943151859,-1.49999999977146));
#1614=CARTESIAN_POINT('',(244.986209380054,29.3010466931016,4.50000000004136));
#1615=CARTESIAN_POINT('',(244.986209380073,29.3010466931016,-1.49999999976871));
#1616=CARTESIAN_POINT('',(244.986209380054,29.3010466931016,4.50000000004136));
#1617=CARTESIAN_POINT('',(244.569483191096,28.8843205041437,4.50000000003998));
#1618=CARTESIAN_POINT('',(244.152757002138,28.4675943151859,4.50000000003861));
#1619=CARTESIAN_POINT('',(233.986209380053,29.3010466931016,4.5000000000051));
#1620=CARTESIAN_POINT('',(233.986209380053,29.870454967262,4.5000000000051));
#1621=CARTESIAN_POINT('',(233.986209380053,30.4398632414224,4.5000000000051));
#1622=CARTESIAN_POINT('',(233.986209380064,32.9726195683554,1.09446844162024));
#1623=CARTESIAN_POINT('',(233.986209380072,32.9726195683554,-1.49999999980497));
#1624=CARTESIAN_POINT('',(244.986209380065,32.9726195683555,1.0944684416562));
#1625=CARTESIAN_POINT('',(244.986209380073,32.9726195683554,-1.49999999976871));
#1626=CARTESIAN_POINT('',(244.986209380054,30.4398632414224,4.50000000004138));
#1627=CARTESIAN_POINT('',(244.986209380054,29.870454967262,4.50000000004137));
#1628=CARTESIAN_POINT('',(244.986209380054,29.3010466931016,4.50000000004136));
#1629=CARTESIAN_POINT('',(232.486209380061,37.0250296913726,-0.499999999741297));
#1630=CARTESIAN_POINT('',(231.496259886399,37.025029691375,0.489949493919873));
#1631=CARTESIAN_POINT('',(231.496259886399,37.025029691375,0.489949493919873));
#1632=CARTESIAN_POINT('',(231.496259886399,30.5838894054962,0.489949493918311));
#1633=CARTESIAN_POINT('',(231.496259886399,30.5838894054962,0.489949493918311));
#1634=CARTESIAN_POINT('',(231.826243050958,30.2539062409665,0.159966329362085));
#1635=CARTESIAN_POINT('',(232.156226215517,29.9239230764446,-0.170016835201692));
#1636=CARTESIAN_POINT('',(232.486209380069,29.593939911915,-0.499999999743093));
#1637=CARTESIAN_POINT('',(231.496259886399,37.0250296913745,2.51005050659642));
#1638=CARTESIAN_POINT('',(231.496259886399,30.5838894054962,2.51005050659487));
#1639=CARTESIAN_POINT('',(231.496259886399,30.5838894054962,2.51005050659487));
#1640=CARTESIAN_POINT('',(231.496259886399,30.5838894054962,0.489949493918311));
#1641=CARTESIAN_POINT('',(231.496259886399,37.0250296913745,2.51005050659642));
#1642=CARTESIAN_POINT('',(232.486209380048,37.0250296913726,3.50000000024276));
#1643=CARTESIAN_POINT('',(232.486209380056,29.593939911915,3.50000000024097));
#1644=CARTESIAN_POINT('',(232.156226215504,29.923923076442,3.17001683569226));
#1645=CARTESIAN_POINT('',(231.826243050951,30.2539062409691,2.84003367114357));
#1646=CARTESIAN_POINT('',(231.496259886399,30.5838894054962,2.51005050659487));
#1647=CARTESIAN_POINT('',(232.486209380048,37.0250296913726,3.50000000024276));
#1648=CARTESIAN_POINT('',(232.486209380056,29.593939911915,3.50000000024097));
#1649=CARTESIAN_POINT('',(232.486209380061,30.4398632414224,4.50000000000015));
#1650=CARTESIAN_POINT('',(232.486209380057,30.0169015766687,4.50000000000015));
#1651=CARTESIAN_POINT('',(232.486209380053,29.593939911915,4.50000000000015));
#1652=CARTESIAN_POINT('',(247.476158873707,37.025029691375,0.489949493919873));
#1653=CARTESIAN_POINT('',(246.486209380062,37.0250296913726,-0.499999999741297));
#1654=CARTESIAN_POINT('',(247.476158873707,37.025029691375,0.489949493919873));
#1655=CARTESIAN_POINT('',(247.476158873707,30.5838894054962,0.489949493918311));
#1656=CARTESIAN_POINT('',(247.476158873707,30.5838894054962,0.489949493918311));
#1657=CARTESIAN_POINT('',(247.146175709159,30.2539062409665,0.159966329362085));
#1658=CARTESIAN_POINT('',(246.816192544611,29.9239230764446,-0.170016835201692));
#1659=CARTESIAN_POINT('',(246.48620938007,29.593939911915,-0.499999999743093));
#1660=CARTESIAN_POINT('',(246.486209380062,37.0250296913726,-0.499999999741297));
#1661=CARTESIAN_POINT('',(246.48620938007,29.593939911915,-0.499999999743093));
#1662=CARTESIAN_POINT('',(247.476158873707,37.0250296913745,2.51005050659642));
#1663=CARTESIAN_POINT('',(247.476158873707,30.5838894054962,2.51005050659487));
#1664=CARTESIAN_POINT('',(247.476158873707,30.5838894054962,2.51005050659487));
#1665=CARTESIAN_POINT('',(247.476158873707,30.5838894054962,0.489949493918311));
#1666=CARTESIAN_POINT('',(246.486209380049,37.0250296913726,3.50000000024276));
#1667=CARTESIAN_POINT('',(247.476158873707,37.0250296913745,2.51005050659642));
#1668=CARTESIAN_POINT('',(246.486209380057,29.593939911915,3.50000000024097));
#1669=CARTESIAN_POINT('',(246.816192544607,29.923923076442,3.17001683569226));
#1670=CARTESIAN_POINT('',(247.146175709157,30.2539062409691,2.84003367114357));
#1671=CARTESIAN_POINT('',(247.476158873707,30.5838894054962,2.51005050659487));
#1672=CARTESIAN_POINT('',(243.386209379863,36.3461615894705,8.6799905573455));
#1673=CARTESIAN_POINT('',(243.386209471777,36.2464328036315,9.29404816276773));
#1674=CARTESIAN_POINT('',(243.192666208498,36.1516531578974,9.87763225910331));
#1675=CARTESIAN_POINT('',(244.886209380068,36.0255434310973,10.6541248741257));
#1676=CARTESIAN_POINT('',(243.762890335992,36.0255435040739,10.6541248860004));
#1677=CARTESIAN_POINT('',(233.486209380072,36.1217286229027,10.0618847128546));
#1678=CARTESIAN_POINT('',(233.486209380087,36.8626205234187,5.50000000000344));
#1679=CARTESIAN_POINT('',(235.209528423812,36.0255431335303,10.6541248259927));
#1680=CARTESIAN_POINT('',(234.086209380084,36.0255433531149,10.6541248616778));
#1681=CARTESIAN_POINT('',(235.779752551276,36.1516526034589,9.87763216920695));
#1682=CARTESIAN_POINT('',(235.586209471777,36.2464318953924,9.29404858425213));
#1683=CARTESIAN_POINT('',(235.586209379863,36.3461603839246,8.67999152908121));
#1684=CARTESIAN_POINT('',(235.586208803649,36.9713643423097,4.83043051379401));
#1685=CARTESIAN_POINT('',(239.486208803649,36.9713649450827,4.83043002792616));
#1686=CARTESIAN_POINT('',(243.386208803649,36.9713655478556,4.8304295420583));
#1687=CARTESIAN_POINT('',(243.386209379863,36.3461615894705,8.6799905573455));
#1688=CARTESIAN_POINT('',(245.486209380056,36.1217286229427,10.0618847126478));
#1689=CARTESIAN_POINT('',(245.486209380054,36.0255434116097,10.6541248709487));
#1690=CARTESIAN_POINT('',(244.886209380068,36.0255434310973,10.6541248741257));
#1691=CARTESIAN_POINT('',(234.086209380084,36.0255433531149,10.6541248616778));
#1692=CARTESIAN_POINT('',(233.48620938007,36.0255433725922,10.6541248648532));
#1693=CARTESIAN_POINT('',(233.486209380072,36.1217286229027,10.0618847128546));
#1694=CARTESIAN_POINT('',(243.762890335992,36.0255435040739,10.6541248860004));
#1695=CARTESIAN_POINT('',(242.935145634831,36.0255434754796,10.6541248813731));
#1696=CARTESIAN_POINT('',(243.192666208498,36.1516531578974,9.87763225910331));
#1697=CARTESIAN_POINT('',(235.779752551276,36.1516526034589,9.87763216920695));
#1698=CARTESIAN_POINT('',(236.037273124974,36.0255431990966,10.6541248366249));
#1699=CARTESIAN_POINT('',(235.209528423812,36.0255431335303,10.6541248259927));
#1700=CARTESIAN_POINT('',(245.486209380071,36.8626205234187,5.500000000043));
#1701=CARTESIAN_POINT('',(245.486209380056,36.1217286229427,10.0618847126478));
#1702=CARTESIAN_POINT('',(234.086209380087,29.6096083779627,9.61211820071668));
#1703=CARTESIAN_POINT('',(234.086209380084,36.0255433531149,10.6541248616778));
#1704=CARTESIAN_POINT('',(235.209528423812,36.0255431335303,10.6541248259927));
#1705=CARTESIAN_POINT('',(235.209529553047,29.6096083779668,9.61211820069477));
#1706=CARTESIAN_POINT('',(243.386209379863,36.3461615894705,8.6799905573455));
#1707=CARTESIAN_POINT('',(243.386210509107,29.9302259064305,7.63798378144709));
#1708=CARTESIAN_POINT('',(243.192667457145,29.7357178777749,8.83562558409211));
#1709=CARTESIAN_POINT('',(243.192666208498,36.1516531578974,9.87763225910331));
#1710=CARTESIAN_POINT('',(244.886209380072,29.6096083780027,9.612118200506));
#1711=CARTESIAN_POINT('',(244.886209380068,36.0255434310973,10.6541248741257));
#1712=CARTESIAN_POINT('',(243.762891465247,29.6096083976447,9.61211820371863));
#1713=CARTESIAN_POINT('',(243.762890335992,36.0255435040739,10.6541248860004));
#1714=CARTESIAN_POINT('',(235.779752551276,36.1516526034589,9.87763216920695));
#1715=CARTESIAN_POINT('',(235.779753561119,29.7357179363281,8.83562559375032));
#1716=CARTESIAN_POINT('',(245.48620938006,29.7057936088293,9.01987804535905));
#1717=CARTESIAN_POINT('',(245.486209380056,36.1217286229427,10.0618847126478));
#1718=CARTESIAN_POINT('',(233.486209380075,29.7057936087893,9.01987804556578));
#1719=CARTESIAN_POINT('',(233.486209380072,36.1217286229027,10.0618847128546));
#1720=CARTESIAN_POINT('',(233.486209380087,36.8626205234187,5.50000000000344));
#1721=CARTESIAN_POINT('',(232.48620938006,37.0250296913727,4.50000000000042));
#1722=CARTESIAN_POINT('',(232.48620938006,37.0250296913727,4.50000000000042));
#1723=CARTESIAN_POINT('',(232.486209380061,30.4398632414224,4.50000000000015));
#1724=CARTESIAN_POINT('',(233.486209380087,30.2774540734685,5.50000000000345));
#1725=CARTESIAN_POINT('',(232.486209380061,30.4398632414224,4.50000000000015));
#1726=CARTESIAN_POINT('',(233.486209380087,30.2774540734685,5.50000000000345));
#1727=CARTESIAN_POINT('',(233.486209380087,36.8626205234187,5.50000000000344));
#1728=CARTESIAN_POINT('',(246.486209380064,30.4398632414224,4.5000000000463));
#1729=CARTESIAN_POINT('',(245.486209380071,30.2774540734685,5.500000000043));
#1730=CARTESIAN_POINT('',(246.486209380064,30.4398632414224,4.5000000000463));
#1731=CARTESIAN_POINT('',(246.486209380065,37.0250296913728,4.50000000004523));
#1732=CARTESIAN_POINT('',(246.486209380065,37.0250296913728,4.50000000004523));
#1733=CARTESIAN_POINT('',(245.486209380071,36.8626205234187,5.500000000043));
#1734=CARTESIAN_POINT('',(245.486209380071,36.8626205234187,5.500000000043));
#1735=CARTESIAN_POINT('',(245.486209380071,30.2774540734685,5.500000000043));
#1736=CARTESIAN_POINT('',(232.486209380061,30.4398632414224,4.50000000000015));
#1737=CARTESIAN_POINT('',(233.48620938009,30.4398632414224,4.50000000000345));
#1738=CARTESIAN_POINT('',(233.986209380053,30.4398632414224,4.5000000000051));
#1739=CARTESIAN_POINT('',(244.986209380054,30.4398632414224,4.50000000004138));
#1740=CARTESIAN_POINT('',(245.486209380075,30.4398632414224,4.50000000004301));
#1741=CARTESIAN_POINT('',(246.486209380064,30.4398632414224,4.5000000000463));
#1742=CARTESIAN_POINT('',(0.,0.,0.));
ENDSEC;
END-ISO-10303-21;
